name,No,5mm,30mm,target_size
O6302-20240625110106524,1.0,26.034,26.036,26.0
O6302-20240625111003778,2.0,25.994,25.995,26.0
O6302-20240625111224291,3.0,25.995,25.995,26.0
O6302-20240625111325742,4.0,25.994,25.995,26.0
O6302-20240625111440461,5.0,25.994,25.995,26.0
O6302-20240625111557975,6.0,25.994,25.994,26.0
O6302-20240625111721707,7.0,25.994,25.996,26.0
O6302-20240625111847656,8.0,25.994,25.995,26.0
O6302-20240625111950011,9.0,25.994,25.994,26.0
O6302-20240625112054006,10.0,25.995,25.996,26.0
O6302-20240625112556380,11.0,25.995,25.996,26.0
O6302-20240625112718010,12.0,25.994,25.996,26.0
O6302-20240625112850385,13.0,25.994,25.995,26.0
O6302-20240625113005035,14.0,25.995,25.996,26.0
O6302-20240625113116139,15.0,25.994,25.996,26.0
O6302-20240625113227609,16.0,25.995,25.997,26.0
O6302-20240625113343955,17.0,25.996,25.997,26.0
O6302-20240625113513653,18.0,25.996,25.997,26.0
O6302-20240625113643472,19.0,25.996,25.997,26.0
O6302-20240625113756650,20.0,25.996,25.997,26.0
O6302-20240625134045066,21.0,26.007,26.009,26.0
O6302-20240625134320607,22.0,26.007,26.009,26.0
O6302-20240625134440895,23.0,26.005,26.006,26.0
O6302-20240625134546949,24.0,26.004,26.005,26.0
O6302-20240625134655799,25.0,26.003,26.004,26.0
O6302-20240625134811726,26.0,26.001,26.002,26.0
O6302-20240625134922593,27.0,25.999,26.001,26.0
O6302-20240625135040075,28.0,26.0,26.001,26.0
O6302-20240625135201741,29.0,26.0,26.002,26.0
O6302-20240625135319920,30.0,26.0,26.002,26.0
O6302-20240625135914282,31.0,25.998,26.001,26.0
O6302-20240625140029708,32.0,25.999,26.0,26.0
O6302-20240625140153055,33.0,25.999,26.001,26.0
O6302-20240625140321585,34.0,25.998,26.001,26.0
O6302-20240625140447979,35.0,25.999,26.001,26.0
O6302-20240625140620613,36.0,25.996,25.999,26.0
O6302-20240625140733100,37.0,25.995,25.998,26.0
O6302-20240625140857255,38.0,25.995,25.997,26.0
O6302-20240625141016154,39.0,25.995,25.997,26.0
O6302-20240625141136368,40.0,25.994,25.996,26.0
O6302-20240704095154153,1.0,27.996,27.998,28.0
O6302-20240704095943400,2.0,27.995,27.998,28.0
O6302-20240704100145917,3.0,27.997,28.0,28.0
O6302-20240704100356927,4.0,27.997,27.999,28.0
O6302-20240704100509017,5.0,27.998,27.999,28.0
O6302-20240704100631145,6.0,27.996,27.997,28.0
O6302-20240704100750363,7.0,27.996,27.999,28.0
O6302-20240704100858093,8.0,27.996,27.998,28.0
O6302-20240704101036731,9.0,27.998,28.0,28.0
O6302-20240704101443046,10.0,27.997,27.998,28.0
O6302-20240704102058899,11.0,27.996,27.998,28.0
O6302-20240704102223373,12.0,27.997,27.998,28.0
O6302-20240704102333200,13.0,27.998,28.0,28.0
O6302-20240704102448955,14.0,27.997,27.998,28.0
O6302-20240704102703920,15.0,27.995,27.997,28.0
O6302-20240704102823054,16.0,27.996,27.998,28.0
O6302-20240704102929957,17.0,27.996,27.998,28.0
O6302-20240704103229611,18.0,27.996,27.997,28.0
O6302-20240704103757955,19.0,27.996,27.997,28.0
O6302-20240704103915090,20.0,27.995,27.996,28.0
O6302-20240704104159239,21.0,27.995,27.996,28.0
O6302-20240704104308101,22.0,27.994,27.996,28.0
O6302-20240704104443524,23.0,27.995,27.997,28.0
O6302-20240704104557750,24.0,27.995,27.997,28.0
O6302-20240704104706193,25.0,27.996,27.997,28.0
O6302-20240704104949650,26.0,27.994,27.997,28.0
O6302-20240704105101562,27.0,27.995,27.996,28.0
O6302-20240704105716877,28.0,27.995,27.996,28.0
O6302-20240704105824757,29.0,27.995,27.996,28.0
O6302-20240704105925658,30.0,27.995,27.996,28.0
O6302-20240704110045834,31.0,27.995,27.997,28.0
O6302-20240704110153300,32.0,27.995,27.996,28.0
O6302-20240704110301631,33.0,27.995,27.996,28.0
O6302-20240704110413461,34.0,27.995,27.996,28.0
O6302-20240704110607703,35.0,27.995,27.996,28.0
O6302-20240704112205853,36.0,27.995,27.997,28.0
O6302-20240711092424532,1.0,29.989,29.99,30.0
O6302-20240711093149960,2.0,29.995,29.996,30.0
O6302-20240711093428789,4.0,30.0,29.996,30.0
O6302-20240711093547436,5.0,29.996,29.996,30.0
O6302-20240711093701403,6.0,29.995,29.996,30.0
O6302-20240711093816193,7.0,29.994,29.995,30.0
O6302-20240711093928196,8.0,29.995,29.997,30.0
O6302-20240711094038427,9.0,29.995,29.997,30.0
O6302-20240711094148886,10.0,29.996,29.998,30.0
O6302-20240711095055636,11.0,29.995,29.997,30.0
O6302-20240711095231978,12.0,29.996,29.997,30.0
O6302-20240711100929732,14.0,29.996,29.994,30.0
O6302-20240711101324808,15.0,29.995,29.996,30.0
O6302-20240711101444899,16.0,29.994,29.995,30.0
O6302-20240711101610309,17.0,29.995,29.996,30.0
O6302-20240711101731132,18.0,29.993,29.995,30.0
O6302-20240711102437208,19.0,29.996,29.997,30.0
O6302-20240711102730883,20.0,29.995,29.997,30.0
O6302-20240711105442889,21.0,29.994,29.995,30.0
O6302-20240711105551851,22.0,29.993,29.996,30.0
O6302-20240711105657038,23.0,29.993,29.993,30.0
O6302-20240711105807390,24.0,29.992,29.993,30.0
O6302-20240711105913060,25.0,29.993,29.994,30.0
O6302-20240711110024263,26.0,29.993,29.994,30.0
O6302-20240711110138769,27.0,29.994,29.995,30.0
O6302-20240711110309795,28.0,29.995,29.997,30.0
O6302-20240711110639844,29.0,29.995,29.997,30.0
O6302-20240711110755074,30.0,29.996,29.998,30.0
O6302-20240711111227182,31.0,29.994,29.996,30.0
O6302-20240711111338908,32.0,29.994,29.996,30.0
O6302-20240711111444323,33.0,29.996,29.995,30.0
O6302-20240711111600130,34.0,29.994,29.996,30.0
O6302-20240711111723892,35.0,29.996,29.997,30.0
O6302-20240711111837615,36.0,29.994,29.996,30.0
O6302-20240711111948734,37.0,29.995,29.994,30.0
O6302-20240711112101761,38.0,29.996,29.997,30.0
O6302-20240711112229463,39.0,29.995,29.997,30.0
O6302-20240711112352946,40.0,29.994,29.996,30.0
O6302-20240801092853856,1.0,31.99,31.991,32.0
O6302-20240801094112458,2.0,31.998,32.0,32.0
O6302-20240801094346319,3.0,31.998,32.0,32.0
O6302-20240801094455385(no-signal),4.0,31.998,31.998,32.0
O6302-20240801094720939,5.0,31.998,31.999,32.0
O6302-20240801094838709,6.0,32.0,32.001,32.0
O6302-20240801094952211,7.0,31.999,32.0,32.0
O6302-20240801095104430,8.0,32.0,32.001,32.0
O6302-20240801095218521,9.0,31.999,32.001,32.0
O6302-20240801095335211,10.0,32.0,32.001,32.0
O6302-20240801095907273,11.0,32.0,32.001,32.0
O6302-20240801100019920,12.0,31.999,32.002,32.0
O6302-20240801100121835,13.0,31.999,32.0,32.0
O6302-20240801100227150,14.0,32.001,32.003,32.0
O6302-20240801100330080,15.0,32.001,32.002,32.0
O6302-20240801100444291,16.0,31.999,32.001,32.0
O6302-20240801100553730,17.0,31.999,32.001,32.0
O6302-20240801100705640,18.0,32.0,32.002,32.0
O6302-20240801100816180,19.0,32.001,32.003,32.0
O6302-20240801101023338,20.0,32.001,32.004,32.0
O6302-20240801101701218,21.0,32.001,32.003,32.0
O6302-20240801101806292(no-signal),22.0,32.001,32.003,32.0
O6302-20240801101908731,23.0,32.0,32.001,32.0
O6302-20240801102012139,24.0,31.999,32.001,32.0
O6302-20240801102115897,25.0,31.999,32.001,32.0
O6302-20240801102225196,26.0,32.0,32.001,32.0
O6302-20240801102327131,27.0,32.0,32.002,32.0
O6302-20240801102532276,28.0,32.001,32.002,32.0
O6302-20240801102647239,29.0,31.999,32.0,32.0
O6302-20240801102757074,30.0,32.001,32.002,32.0
O6302-20240801103217481,31.0,32.002,32.004,32.0
O6302-20240801103320043,32.0,32.0,32.001,32.0
O6302-20240801103539913,33.0,32.001,32.002,32.0
O6302-20240801103650152,34.0,31.999,32.0,32.0
O6302-20240801103754612,35.0,31.999,32.003,32.0
O6302-20240801103855637,36.0,32.001,32.002,32.0
O6302-20240801104003873,37.0,32.0,32.001,32.0
O6302-20240801104103795,38.0,31.999,32.0,32.0
O6302-20240801104213314,39.0,32.001,32.0,32.0
O6302-20240801104323028,40.0,32.001,32.004,32.0
O6302-20240806140654097,1.0,34.0,33.999,34.0
O6302-20240806142027294,2.0,33.998,33.998,34.0
O6302-20240806142129968,3.0,33.997,33.998,34.0
O6302-20240806142245711,4.0,33.997,33.998,34.0
O6302-20240806142358442,5.0,33.997,33.999,34.0
O6302-20240806142505480,6.0,33.997,33.998,34.0
O6302-20240806142609899,7.0,33.997,33.997,34.0
O6302-20240806142716006,8.0,33.998,33.999,34.0
O6302-20240806142820609,9.0,33.998,33.999,34.0
O6302-20240806142929495,10.0,33.996,33.997,34.0
O6302-20240806143558196,11.0,33.998,34.0,34.0
O6302-20240806143703011,12.0,33.997,33.998,34.0
O6302-20240806143804914,13.0,33.999,34.001,34.0
O6302-20240806143905657,14.0,33.996,33.997,34.0
O6302-20240806144009804,15.0,33.998,33.999,34.0
O6302-20240806144115722,16.0,33.997,33.997,34.0
O6302-20240806144306697,17.0,33.996,33.997,34.0
O6302-20240806144411507,18.0,33.997,33.998,34.0
O6302-20240806144605945,19.0,33.995,33.996,34.0
O6302-20240806144726435,20.0,33.996,33.996,34.0
O6302-20240806145303045,21.0,33.997,33.998,34.0
O6302-20240806145411676,22.0,33.996,33.997,34.0
O6302-20240806145517927,23.0,33.995,33.996,34.0
O6302-20240806145621434,24.0,33.995,33.997,34.0
O6302-20240806145731065,25.0,33.996,33.997,34.0
O6302-20240806145831775,26.0,33.997,33.996,34.0
O6302-20240806145935006,27.0,33.996,33.998,34.0
O6302-20240806150043297,28.0,33.996,33.997,34.0
O6302-20240806150234587,29.0,33.996,33.996,34.0
O6302-20240806150341710,30.0,33.995,33.997,34.0
O6302-20240806150848472,31.0,33.995,33.996,34.0
O6302-20240806151010686,32.0,33.995,33.997,34.0
O6302-20240806151123609,33.0,33.995,33.996,34.0
O6302-20240806151241524,34.0,33.996,33.997,34.0
O6302-20240806151359202,35.0,33.996,33.996,34.0
O6302-20240806151504833,36.0,33.995,33.996,34.0
O6302-20240806151636691,37.0,33.995,33.995,34.0
O6302-20240806151744574,38.0,33.996,33.995,34.0
O6302-20240806151857217,39.0,33.996,33.995,34.0
O6302-20240806152015264,40.0,33.997,33.996,34.0
O6302-20240819135016822,1.0,35.998,36.0,36.0
O6302-20240819135459528,2.0,35.997,36.0,36.0
O6302-20240819135702990,3.0,35.997,35.999,36.0
O6302-20240819135815493,4.0,35.996,35.998,36.0
O6302-20240819135924239,5.0,35.996,35.998,36.0
O6302-20240819140048926,6.0,35.997,35.999,36.0
O6302-20240819140202128,7.0,35.996,35.997,36.0
O6302-20240819140323579,8.0,35.996,35.998,36.0
O6302-20240819140528880,9.0,35.996,35.998,36.0
O6302-20240819140647095,10.0,35.997,35.998,36.0
O6302-20240819141242272,11.0,35.996,35.998,36.0
O6302-20240819141409551,12.0,35.996,35.998,36.0
O6302-20240819141532885,13.0,35.996,35.998,36.0
O6302-20240819141651989,14.0,35.996,35.998,36.0
O6302-20240819141809778,15.0,35.996,35.997,36.0
O6302-20240819141926605,16.0,35.996,35.997,36.0
O6302-20240819142049748,17.0,35.996,35.998,36.0
O6302-20240819142204758,18.0,35.996,35.998,36.0
O6302-20240819142318508,19.0,35.996,35.998,36.0
O6302-20240819142515034,20.0,35.996,35.998,36.0
O6302-20240819142951274,21.0,35.996,35.998,36.0
O6302-20240819143300434,22.0,35.996,35.998,36.0
O6302-20240819143421480,23.0,35.996,35.997,36.0
O6302-20240819143537648,24.0,35.996,35.998,36.0
O6302-20240819143653146,25.0,35.996,35.998,36.0
O6302-20240819143821096,26.0,35.996,35.998,36.0
O6302-20240819143939866,27.0,35.996,35.998,36.0
O6302-20240819144120981,28.0,35.995,35.998,36.0
O6302-20240819144243831,29.0,35.996,35.998,36.0
O6302-20240819144401893,30.0,35.996,35.998,36.0
O6302-20240819144728546,31.0,35.996,35.998,36.0
O6302-20240819144855224,32.0,35.996,35.998,36.0
O6302-20240819145013476,33.0,35.996,35.998,36.0
O6302-20240819145131229,34.0,35.996,35.998,36.0
O6302-20240819145252404,35.0,35.996,35.998,36.0
O6302-20240819145426766,36.0,35.996,35.998,36.0
O6302-20240819145609496,37.0,35.996,35.998,36.0
O6302-20240819145809298,38.0,35.996,35.998,36.0
O6302-20240819145950956,39.0,35.996,35.998,36.0
O6302-20240819150137298,40.0,35.995,35.997,36.0
O6302-20240912091554349,1.0,37.978,37.98,38.0
O6302-20240912092150486,2.0,37.999,38.002,38.0
O6302-20240912092748928,3.0,37.998,38.001,38.0
O6302-20240912092906007,4.0,37.997,37.999,38.0
O6302-20240912093100415,5.0,37.994,37.999,38.0
O6302-20240912093226212,6.0,37.998,37.999,38.0
O6302-20240912093503217,7.0,37.998,38.0,38.0
O6302-20240912093614248,8.0,37.998,38.001,38.0
O6302-20240912093724441,9.0,37.998,38.0,38.0
O6302-20240912093834851,10.0,37.998,38.0,38.0
O6302-20240912094533959,11.0,37.998,38.002,38.0
O6302-20240912094644206,12.0,37.997,37.999,38.0
O6302-20240912094746231,13.0,37.997,38.0,38.0
O6302-20240912094901857,14.0,37.998,38.002,38.0
O6302-20240912095016270,15.0,37.998,38.002,38.0
O6302-20240912095134103,16.0,37.998,38.0,38.0
O6302-20240912095245748,17.0,37.997,38.0,38.0
O6302-20240912095359709,18.0,37.997,38.001,38.0
O6302-20240912095518266,19.0,37.998,38.001,38.0
O6302-20240912095630607,20.0,38.0,38.003,38.0
O6302-20240912100112472,21.0,38.0,38.003,38.0
O6302-20240912100230350,22.0,38.0,38.003,38.0
O6302-20240912100352440,23.0,38.0,38.003,38.0
O6302-20240912100508196,24.0,37.999,38.002,38.0
O6302-20240912100634393,25.0,37.999,38.002,38.0
O6302-20240912100742514,26.0,37.999,38.002,38.0
O6302-20240912100846263,27.0,37.999,38.002,38.0
O6302-20240912100955372,28.0,37.999,38.002,38.0
O6302-20240912101107841,29.0,38.0,38.002,38.0
O6302-20240912101236846,30.0,38.0,38.002,38.0
O6302-20240912101634226,31.0,38.0,38.004,38.0
O6302-20240912101756287,32.0,38.001,38.002,38.0
O6302-20240912101909581,33.0,37.999,38.002,38.0
O6302-20240912102014806,34.0,38.0,38.002,38.0
O6302-20240912102126923,35.0,38.0,38.004,38.0
O6302-20240912102242696,36.0,38.001,38.003,38.0
O6302-20240912102415530,37.0,38.0,38.003,38.0
O6302-20240912102521718,38.0,38.0,38.003,38.0
O6302-20240912102639212,39.0,38.0,38.003,38.0
O6302-20240912102825673,40.0,38.001,38.004,38.0
O6302-20241014133120008,1.0,40.002,40.004,40.0
O6302-20241014133253553,2.0,40.002,40.005,40.0
O6302-20241014133417578,3.0,40.004,40.005,40.0
O6302-20241014133522551,4.0,40.004,40.006,40.0
O6302-20241014133709145,5.0,40.003,40.006,40.0
O6302-20241014133824682,6.0,40.004,40.007,40.0
O6302-20241014133931743,7.0,40.004,40.006,40.0
O6302-20241014134050188,8.0,40.005,40.007,40.0
O6302-20241014134207246,9.0,40.005,40.007,40.0
O6302-20241014134316207,10.0,40.005,40.008,40.0
O6302-20241014134839767,11.0,40.007,40.009,40.0
O6302-20241014134951044,12.0,40.007,40.008,40.0
O6302-20241014135118989,13.0,40.008,40.011,40.0
O6302-20241014135247018,14.0,40.008,40.009,40.0
O6302-20241014135452424,15.0,40.008,40.011,40.0
O6302-20241014135621085,16.0,40.008,40.01,40.0
O6302-20241014135739206,17.0,40.008,40.011,40.0
O6302-20241014135913395,18.0,40.008,40.011,40.0
O6302-20241014140055105,19.0,40.008,40.01,40.0
O6302-20241014140223338,20.0,40.008,40.01,40.0
O6302-20241014140745732,21.0,40.008,40.011,40.0
O6302-20241014140909912,22.0,40.008,40.011,40.0
O6302-20241014141028633,23.0,40.007,40.01,40.0
O6302-20241014141147954,24.0,40.006,40.009,40.0
O6302-20241014141257607,25.0,40.008,40.01,40.0
O6302-20241014141415185,26.0,40.009,40.011,40.0
O6302-20241014141524313,27.0,40.008,40.01,40.0
O6302-20241014141646718,28.0,40.01,40.012,40.0
O6302-20241014141820888,29.0,40.008,40.011,40.0
O6302-20241014141944977,30.0,40.008,40.012,40.0
O6302-20241014142706603,31.0,40.009,40.012,40.0
O6302-20241014142844760,32.0,40.009,40.012,40.0
O6302-20241014143002665,33.0,40.009,40.013,40.0
O6302-20241014143124824,34.0,40.008,40.01,40.0
O6302-20241014143251384,35.0,40.01,40.012,40.0
O6302-20241014143401616,36.0,40.008,40.013,40.0
O6302-20241014143533678,37.0,40.009,40.014,40.0
O6302-20241014143656575,38.0,40.01,40.012,40.0
O6302-20241014143811276,39.0,40.01,40.012,40.0
O6302-20241014143930113,40.0,40.01,40.013,40.0
O6302-20241106133902590,1.0,42.002,42.004,42.0
O6302-20241106134215610,2.0,42.004,42.006,42.0
O6302-20241106134406612,3.0,42.003,42.006,42.0
O6302-20241106134516261,4.0,42.004,42.007,42.0
O6302-20241106134628214,5.0,42.003,42.005,42.0
O6302-20241106134751476,6.0,42.004,42.006,42.0
O6302-20241106134908942,7.0,42.004,42.006,42.0
O6302-20241106135013334,8.0,42.004,42.006,42.0
O6302-20241106135138155,9.0,42.004,42.007,42.0
O6302-20241106135250245,10.0,42.004,42.006,42.0
O6302-20241106135802142,11.0,42.004,42.007,42.0
O6302-20241106135916595,12.0,42.004,42.007,42.0
O6302-20241106140042658,13.0,42.003,42.006,42.0
O6302-20241106140201818,14.0,42.003,42.006,42.0
O6302-20241106140311399,15.0,42.003,42.006,42.0
O6302-20241106140427772,16.0,42.004,42.006,42.0
O6302-20241106140534674,17.0,42.003,42.005,42.0
O6302-20241106140654099,18.0,42.003,42.005,42.0
O6302-20241106140808160,19.0,42.003,42.005,42.0
O6302-20241106140919158,20.0,42.003,42.005,42.0
O6302-20241106141449623,21.0,42.003,42.006,42.0
O6302-20241106141922199,22.0,42.003,42.006,42.0
O6302-20241106142038945,23.0,42.003,42.005,42.0
O6302-20241106142149294,24.0,42.002,42.004,42.0
O6302-20241106142257615,25.0,42.002,42.004,42.0
O6302-20241106142405276,26.0,42.002,42.004,42.0
O6302-20241106142514981,27.0,42.002,42.004,42.0
O6302-20241106142621406,28.0,42.002,42.004,42.0
O6302-20241106142754628,29.0,42.002,42.004,42.0
O6302-20241106142905097,30.0,42.001,42.003,42.0
O6302-20241106143351110,31.0,42.001,42.004,42.0
O6302-20241106143522391,32.0,42.002,42.005,42.0
O6302-20241106143649909,33.0,42.002,42.004,42.0
O6302-20241106143759126,34.0,42.002,42.005,42.0
O6302-20241106144020481,35.0,42.002,42.005,42.0
O6302-20241106144145021,36.0,42.002,42.004,42.0
O6302-20241106144259899,37.0,42.002,42.004,42.0
O6302-20241106144418228,38.0,42.002,42.005,42.0
O6302-20241106144548762,39.0,42.002,42.005,42.0
O6302-20241106144702559,40.0,42.002,42.004,42.0
O6302-20241107132711819,1.0,44.005,44.007,44.0
O6302-20241107133017986,2.0,44.002,44.004,44.0
O6302-20241107133130075,3.0,44.003,44.005,44.0
O6302-20241107133313524,4.0,44.002,44.004,44.0
O6302-20241107133423753,5.0,44.002,44.005,44.0
O6302-20241107133533686,6.0,44.002,44.005,44.0
O6302-20241107133644627,7.0,44.003,44.005,44.0
O6302-20241107133755924,8.0,44.004,44.006,44.0
O6302-20241107133924686,9.0,44.005,44.007,44.0
O6302-20241107134040691,10.0,44.005,44.007,44.0
O6302-20241107134537009,11.0,44.006,44.009,44.0
O6302-20241107134701641,12.0,44.006,44.009,44.0
O6302-20241107134822218,13.0,44.006,44.008,44.0
O6302-20241107134955839,14.0,44.005,44.008,44.0
O6302-20241107135121652,15.0,44.007,44.009,44.0
O6302-20241107135232494,16.0,44.007,44.009,44.0
O6302-20241107135343230,17.0,44.006,44.009,44.0
O6302-20241107135502996,18.0,44.008,44.01,44.0
O6302-20241107135619769,19.0,44.008,44.009,44.0
O6302-20241107135739846,20.0,44.009,44.011,44.0
O6302-20241107135904407,21.0,44.01,44.012,44.0
O6302-20241107140322379,22.0,44.01,44.012,44.0
O6302-20241107140435804,23.0,44.009,44.011,44.0
O6302-20241107140547569,24.0,44.009,44.012,44.0
O6302-20241107140704322,25.0,44.009,44.012,44.0
O6302-20241107140817323,26.0,44.008,44.011,44.0
O6302-20241107140925429,27.0,44.009,44.011,44.0
O6302-20241107141044273,28.0,44.009,44.011,44.0
O6302-20241107141158606,29.0,44.008,44.011,44.0
O6302-20241107141311779,30.0,44.009,44.012,44.0
O6302-20241107141652327,31.0,44.01,44.012,44.0
O6302-20241107141808228,32.0,44.01,44.012,44.0
O6302-20241107141916568,33.0,44.01,44.013,44.0
O6302-20241107142025830,34.0,44.012,44.014,44.0
O6302-20241107142138651,35.0,44.011,44.013,44.0
O6302-20241107142249428,36.0,44.011,44.014,44.0
O6302-20241107142405961,37.0,44.011,44.013,44.0
O6302-20241107142522650,38.0,44.01,44.014,44.0
O6302-20241107142658328,39.0,44.01,44.014,44.0
O6302-20241107142949114,40.0,44.01,44.013,44.0
O6302-20241111133240788,1.0,45.995,45.997,46.0
O6302-20241111133520838,2.0,45.998,46.0,46.0
O6302-20241111133642455,3.0,45.997,46.0,46.0
O6302-20241111133822577,4.0,45.998,46.001,46.0
O6302-20241111133940506,5.0,45.997,46.001,46.0
O6302-20241111134104444,6.0,45.999,46.002,46.0
O6302-20241111134230057,7.0,46.0,46.003,46.0
O6302-20241111134402590,8.0,46.0,46.003,46.0
O6302-20241111134523633,9.0,46.001,46.004,46.0
O6302-20241111134656157,10.0,46.001,46.004,46.0
O6302-20241111135314955,11.0,46.001,46.004,46.0
O6302-20241111135454712,12.0,46.002,46.004,46.0
O6302-20241111135620318,13.0,46.002,46.005,46.0
O6302-20241111135812743,14.0,46.002,46.005,46.0
O6302-20241111135937601,15.0,46.003,46.006,46.0
O6302-20241111140058126,16.0,46.003,46.005,46.0
O6302-20241111140233043,17.0,46.003,46.006,46.0
O6302-20241111140443038,18.0,46.003,46.006,46.0
O6302-20241111140618519,19.0,46.003,46.006,46.0
O6302-20241111140731532,20.0,46.003,46.006,46.0
O6302-20241111141208532,21.0,46.003,46.006,46.0
O6302-20241111141336777,22.0,46.003,46.005,46.0
O6302-20241111141448151,23.0,46.002,46.005,46.0
O6302-20241111141610196,24.0,46.003,46.006,46.0
O6302-20241111141727005,25.0,46.003,46.006,46.0
O6302-20241111141849722,26.0,46.002,46.005,46.0
O6302-20241111142005903,27.0,46.002,46.006,46.0
O6302-20241111142201797,28.0,46.002,46.005,46.0
O6302-20241111142405115,29.0,46.004,46.007,46.0
O6302-20241111142545825,30.0,46.004,46.007,46.0
O6302-20241111142939724,31.0,46.004,46.007,46.0
O6302-20241111143130274,32.0,46.004,46.007,46.0
O6302-20241111143251063,33.0,46.004,46.007,46.0
O6302-20241111143414508,34.0,46.004,46.008,46.0
O6302-20241111143530054,35.0,46.005,46.007,46.0
O6302-20241111143656511,36.0,46.005,46.007,46.0
O6302-20241111143826632,37.0,46.004,46.007,46.0
O6302-20241111143945325,38.0,46.005,46.008,46.0
O6302-20241111144114711,39.0,46.004,46.008,46.0
O6302-20241111144242712,40.0,46.005,46.007,46.0
O6302-20241113132415150,1.0,48.012,48.014,48.0
O6302-20241113132828371,2.0,48.004,48.007,48.0
O6302-20241113133005876,3.0,48.003,48.006,48.0
O6302-20241113133121285,4.0,48.004,48.007,48.0
O6302-20241113133237527,5.0,48.003,48.007,48.0
O6302-20241113133356212,6.0,48.002,48.005,48.0
O6302-20241113133508137,7.0,48.003,48.005,48.0
O6302-20241113133617755,8.0,48.002,48.005,48.0
O6302-20241113133735911,9.0,48.002,48.005,48.0
O6302-20241113133921821,10.0,48.002,48.005,48.0
O6302-20241113134503119,11.0,48.002,48.005,48.0
O6302-20241113134653296,12.0,48.001,48.004,48.0
O6302-20241113134807231,13.0,48.001,48.004,48.0
O6302-20241113134952235,14.0,48.002,48.005,48.0
O6302-20241113135113372,15.0,48.002,48.005,48.0
O6302-20241113135248726,16.0,48.002,48.005,48.0
O6302-20241113135411003,17.0,48.002,48.005,48.0
O6302-20241113135539384,18.0,48.002,48.005,48.0
O6302-20241113135721459,19.0,48.001,48.004,48.0
O6302-20241113135840131,20.0,48.0,48.003,48.0
O6302-20241113140544034,21.0,48.002,48.005,48.0
O6302-20241113140710679,22.0,48.002,48.004,48.0
O6302-20241113140830020,23.0,48.001,48.003,48.0
O6302-20241113140948518,24.0,48.001,48.004,48.0
O6302-20241113141220208,25.0,48.001,48.004,48.0
O6302-20241113141342749,26.0,48.002,48.003,48.0
O6302-20241113141507411,27.0,48.0,48.003,48.0
O6302-20241113141651084,28.0,48.001,48.003,48.0
O6302-20241113141852174,29.0,48.001,48.004,48.0
O6302-20241113143250323,31.0,47.999,48.002,48.0
O6302-20241113143414172,32.0,48.0,48.003,48.0
O6302-20241113143531570,33.0,48.0,48.003,48.0
O6302-20241113143712179,34.0,47.999,48.002,48.0
O6302-20241113143857477,35.0,47.999,48.002,48.0
O6302-20241113144014882,36.0,47.998,48.001,48.0
O6302-20241113144142029,37.0,47.998,48.002,48.0
O6302-20241113144255001,38.0,47.998,48.002,48.0
O6302-20241113144410774,39.0,48.0,48.002,48.0
O6302-20241113144527303,40.0,48.0,48.003,48.0
O6302-20241118134026080,1.0,49.985,49.99,50.0
O6302-20241118134322030,2.0,50.0,50.004,50.0
O6302-20241118134457583,3.0,50.001,50.004,50.0
O6302-20241118134612356,4.0,50.001,50.004,50.0
O6302-20241118134727698,5.0,50.001,50.004,50.0
O6302-20241118134842375,6.0,50.0,50.005,50.0
O6302-20241118134958852,7.0,50.0,50.003,50.0
O6302-20241118135117874,8.0,50.0,50.005,50.0
O6302-20241118135244371,9.0,50.0,50.004,50.0
O6302-20241118135510137,10.0,50.001,50.004,50.0
O6302-20241118140005362,11.0,50.002,50.005,50.0
O6302-20241118140124423,12.0,50.002,50.004,50.0
O6302-20241118140814553,14.0,50.0,50.004,50.0
O6302-20241118140936231,15.0,50.001,50.004,50.0
O6302-20241118141058788,16.0,50.0,50.004,50.0
O6302-20241118141213445,17.0,50.001,50.004,50.0
O6302-20241118141327742,18.0,50.001,50.004,50.0
O6302-20241118141444092,19.0,50.0,50.004,50.0
O6302-20241118141559545,20.0,50.0,50.003,50.0
O6302-20241118142005308,21.0,50.001,50.003,50.0
O6302-20241118142123038,22.0,50.001,50.003,50.0
O6302-20241118142309843,23.0,50.0,50.003,50.0
O6302-20241118142432841,24.0,50.0,50.003,50.0
O6302-20241118142547062,25.0,50.0,50.003,50.0
O6302-20241118142702823,26.0,50.001,50.004,50.0
O6302-20241118142815148,27.0,50.001,50.003,50.0
O6302-20241118142942221,28.0,50.001,50.004,50.0
O6302-20241118143100856,29.0,50.001,50.004,50.0
O6302-20241118143221120,30.0,50.002,50.005,50.0
O6302-20241118143657872,31.0,50.001,50.005,50.0
O6302-20241118144014711,32.0,50.002,50.006,50.0
O6302-20241118144131689,33.0,50.002,50.006,50.0
O6302-20241118144257102,34.0,50.002,50.006,50.0
O6302-20241118144447832,35.0,50.002,50.005,50.0
O6302-20241118144624849,36.0,50.002,50.006,50.0
O6302-20241118144803147,37.0,50.002,50.005,50.0
O6302-20241118144937596,38.0,50.002,50.006,50.0
O6302-20241118145114766,39.0,50.002,50.006,50.0
O6302-20241118145246187,40.0,50.002,50.006,50.0
O6302-20241119133125794,1.0,51.988,51.991,52.0
O6302-20241119133315352,2.0,51.988,51.991,52.0
O6302-20241119133441158,3.0,51.988,51.991,52.0
O6302-20241119133553699,4.0,51.988,51.991,52.0
O6302-20241119133719680,5.0,51.988,51.991,52.0
O6302-20241119133920746,6.0,51.988,51.991,52.0
O6302-20241119134054676,7.0,51.988,51.991,52.0
O6302-20241119134245605,8.0,51.998,52.0,52.0
O6302-20241119134408335,9.0,51.996,51.999,52.0
O6302-20241119134529100,10.0,51.997,52.0,52.0
O6302-20241119135034657,11.0,51.996,52.0,52.0
O6302-20241119135224982,12.0,51.997,52.0,52.0
O6302-20241119135347348,13.0,51.997,52.0,52.0
O6302-20241119135514345,14.0,51.997,52.0,52.0
O6302-20241119135631186,15.0,51.996,52.001,52.0
O6302-20241119135805044,16.0,51.997,52.0,52.0
O6302-20241119135919497,17.0,51.996,52.0,52.0
O6302-20241119140054410,18.0,51.996,52.0,52.0
O6302-20241119140214220,19.0,51.996,52.0,52.0
O6302-20241119140322858,20.0,51.997,52.001,52.0
O6302-20241119140755969,21.0,51.998,52.002,52.0
O6302-20241119140924178,22.0,51.997,52.002,52.0
O6302-20241119141038196,23.0,51.997,52.001,52.0
O6302-20241119141152465,24.0,51.997,52.001,52.0
O6302-20241119141307754,25.0,51.998,52.002,52.0
O6302-20241119141421535,26.0,51.998,52.002,52.0
O6302-20241119141543752,27.0,51.997,52.0,52.0
O6302-20241119141704589,28.0,51.997,52.003,52.0
O6302-20241119141831683,29.0,51.997,52.001,52.0
O6302-20241119142017136,30.0,51.997,52.001,52.0
O6302-20241119142434033,31.0,51.997,52.001,52.0
O6302-20241119142550509,32.0,51.997,52.001,52.0
O6302-20241119142708791,33.0,51.997,52.0,52.0
O6302-20241119142826356,34.0,51.997,52.0,52.0
O6302-20241119142951489,35.0,51.997,52.001,52.0
O6302-20241119143109778,36.0,51.998,52.001,52.0
O6302-20241119143227132,37.0,51.997,52.001,52.0
O6302-20241119143338901,38.0,51.998,52.001,52.0
O6302-20241119143458590,39.0,51.998,52.001,52.0
O6302-20241119143614356,40.0,51.998,52.001,52.0
O6302-20241121135147262,1.0,54.05,54.055,54.0
O6302-20241121135458136,2.0,54.0,54.005,54.0
O6302-20241121135620315,3.0,54.0,54.005,54.0
O6302-20241121135742943,4.0,54.0,54.005,54.0
O6302-20241121135919220,5.0,54.002,54.006,54.0
O6302-20241121140058914,6.0,54.003,54.006,54.0
O6302-20241121140223787,7.0,54.005,54.007,54.0
O6302-20241121140354812,8.0,54.005,54.007,54.0
O6302-20241121140507715,9.0,54.003,54.006,54.0
O6302-20241121140620651,10.0,54.003,54.004,54.0
O6302-20241121141006986,11.0,54.006,54.009,54.0
O6302-20241121141120591,12.0,54.005,54.01,54.0
O6302-20241121141237136,13.0,54.006,54.01,54.0
O6302-20241121141352985,14.0,54.005,54.01,54.0
O6302-20241121141511314,15.0,54.006,54.009,54.0
O6302-20241121141639592,16.0,54.007,54.011,54.0
O6302-20241121141757365,17.0,54.007,54.012,54.0
O6302-20241121141913430,18.0,54.007,54.011,54.0
O6302-20241121142035243,19.0,54.007,54.012,54.0
O6302-20241121142152322,20.0,54.008,54.013,54.0
O6302-20241121142605340,21.0,54.01,54.012,54.0
O6302-20241121142728157,22.0,54.01,54.012,54.0
O6302-20241121142837586,23.0,54.01,54.012,54.0
O6302-20241121143002195,24.0,54.01,54.012,54.0
O6302-20241121143131925,25.0,54.01,54.013,54.0
O6302-20241121143256450,26.0,54.008,54.011,54.0
O6302-20241121143420739,27.0,54.008,54.012,54.0
O6302-20241121143545848,28.0,54.008,54.012,54.0
O6302-20241121143710234,29.0,54.008,54.012,54.0
O6302-20241121143824471,30.0,54.008,54.011,54.0
O6302-20241121144150814,31.0,54.01,54.012,54.0
O6302-20241121144314179,32.0,54.008,54.013,54.0
O6302-20241121144431052,33.0,54.008,54.012,54.0
O6302-20241121144601550,34.0,54.011,54.014,54.0
O6302-20241121144721752,35.0,54.011,54.014,54.0
O6302-20241121144839700,36.0,54.01,54.014,54.0
O6302-20241121144956533,37.0,54.01,54.013,54.0
O6302-20241121145117186,38.0,54.01,54.013,54.0
O6302-20241121145304028,39.0,54.01,54.013,54.0
O6302-20241121145422569,40.0,54.01,54.014,54.0
,13.0,50.001,50.004,50.0
,,,,
