filepaths,setting,No,name,filenames,10mm,30mm,50mm,offset,target_size
./dataset/DOE_4th/切割訊號/DOE4-1/20230414_132433_DOE4-1_no02.pickle,DOE4-1,2,DOE4-1_02,20230414_132433_DOE4-1_no02.csv,66.0,66.003,66.005,0.03,66
./dataset/DOE_4th/切割訊號/DOE4-1/20230414_132738_DOE4-1_no03.pickle,DOE4-1,3,DOE4-1_03,20230414_132738_DOE4-1_no03.csv,66.0,66.002,66.006,0.03,66
./dataset/DOE_4th/切割訊號/DOE4-1/20230414_133937_DOE4-1_no04.pickle,DOE4-1,4,DOE4-1_04,20230414_133937_DOE4-1_no04.csv,65.994,65.993,65.997,0.03,66
./dataset/DOE_4th/切割訊號/DOE4-1/20230414_134214_DOE4-1_no05.pickle,DOE4-1,5,DOE4-1_05,20230414_134214_DOE4-1_no05.csv,66.0,66.002,66.005,0.03,66
./dataset/DOE_4th/切割訊號/DOE4-1/20230414_135254_DOE4-1_no06.pickle,DOE4-1,6,DOE4-1_06,20230414_135254_DOE4-1_no06.csv,66.0,66.003,66.005,0.03,66
./dataset/DOE_4th/切割訊號/DOE4-1/20230414_135455_DOE4-1_no07.pickle,DOE4-1,7,DOE4-1_07,20230414_135455_DOE4-1_no07.csv,66.0,66.003,66.006,0.03,66
./dataset/DOE_4th/切割訊號/DOE4-1/20230414_135637_DOE4-1_no08.pickle,DOE4-1,8,DOE4-1_08,20230414_135637_DOE4-1_no08.csv,66.0,66.002,66.005,0.03,66
./dataset/DOE_4th/切割訊號/DOE4-1/20230414_135803_DOE4-1_no09.pickle,DOE4-1,9,DOE4-1_09,20230414_135803_DOE4-1_no09.csv,66.001,66.003,66.006,0.03,66
./dataset/DOE_4th/切割訊號/DOE4-1/20230414_135948_DOE4-1_no10.pickle,DOE4-1,10,DOE4-1_10,20230414_135948_DOE4-1_no10.csv,66.002,66.003,66.004,0.03,66
./dataset/DOE_4th/切割訊號/DOE4-1/20230414_140128_DOE4-1_no11.pickle,DOE4-1,11,DOE4-1_11,20230414_140128_DOE4-1_no11.csv,66.001,66.003,66.005,0.03,66
./dataset/DOE_4th/切割訊號/DOE4-1/20230414_140405_DOE4-1_no13.pickle,DOE4-1,13,DOE4-1_13,20230414_140405_DOE4-1_no13.csv,66.0,66.003,66.005,0.03,66
./dataset/DOE_4th/切割訊號/DOE4-1/20230414_140552_DOE4-1_no14.pickle,DOE4-1,14,DOE4-1_14,20230414_140552_DOE4-1_no14.csv,66.0,66.003,66.005,0.03,66
./dataset/DOE_4th/切割訊號/DOE4-1/20230414_140726_DOE4-1_no15.pickle,DOE4-1,15,DOE4-1_15,20230414_140726_DOE4-1_no15.csv,66.002,66.005,66.007,0.03,66
./dataset/DOE_4th/切割訊號/DOE4-1/20230414_140851_DOE4-1_no16.pickle,DOE4-1,16,DOE4-1_16,20230414_140851_DOE4-1_no16.csv,66.002,66.004,66.008,0.03,66
./dataset/DOE_4th/切割訊號/DOE4-1/20230414_141034_DOE4-1_no17.pickle,DOE4-1,17,DOE4-1_17,20230414_141034_DOE4-1_no17.csv,66.005,66.006,66.01,0.03,66
./dataset/DOE_4th/切割訊號/DOE4-1/20230414_141316_DOE4-1_no18.pickle,DOE4-1,18,DOE4-1_18,20230414_141316_DOE4-1_no18.csv,66.006,66.007,66.011,0.03,66
./dataset/DOE_4th/切割訊號/DOE4-1/20230414_141435_DOE4-1_no19.pickle,DOE4-1,19,DOE4-1_19,20230414_141435_DOE4-1_no19.csv,66.006,66.008,66.011,0.03,66
./dataset/DOE_4th/切割訊號/DOE4-1/20230414_141618_DOE4-1_no20.pickle,DOE4-1,20,DOE4-1_20,20230414_141618_DOE4-1_no20.csv,66.006,66.007,66.011,0.03,66
./dataset/DOE_4th/切割訊號/DOE4-1/20230414_141744_DOE4-1_no21.pickle,DOE4-1,21,DOE4-1_21,20230414_141744_DOE4-1_no21.csv,66.007,66.01,66.012,0.03,66
./dataset/DOE_4th/切割訊號/DOE4-1/20230414_141908_DOE4-1_no22.pickle,DOE4-1,22,DOE4-1_22,20230414_141908_DOE4-1_no22.csv,66.007,66.009,66.013,0.03,66
./dataset/DOE_4th/切割訊號/DOE4-1/20230414_142032_DOE4-1_no23.pickle,DOE4-1,23,DOE4-1_23,20230414_142032_DOE4-1_no23.csv,66.007,66.01,66.011,0.03,66
./dataset/DOE_4th/切割訊號/DOE4-1/20230414_142202_DOE4-1_no24.pickle,DOE4-1,24,DOE4-1_24,20230414_142202_DOE4-1_no24.csv,66.008,66.01,66.012,0.03,66
./dataset/DOE_4th/切割訊號/DOE4-1/20230414_142337_DOE4-1_no25.pickle,DOE4-1,25,DOE4-1_25,20230414_142337_DOE4-1_no25.csv,66.009,66.011,66.014,0.03,66
./dataset/DOE_4th/切割訊號/DOE4-1/20230414_142508_DOE4-1_no26.pickle,DOE4-1,26,DOE4-1_26,20230414_142508_DOE4-1_no26.csv,66.008,66.01,66.013,0.03,66
./dataset/DOE_4th/切割訊號/DOE4-1/20230414_142642_DOE4-1_no27.pickle,DOE4-1,27,DOE4-1_27,20230414_142642_DOE4-1_no27.csv,66.012,66.015,66.017,0.03,66
./dataset/DOE_4th/切割訊號/DOE4-1/20230414_142816_DOE4-1_no28.pickle,DOE4-1,28,DOE4-1_28,20230414_142816_DOE4-1_no28.csv,66.013,66.014,66.018,0.03,66
./dataset/DOE_4th/切割訊號/DOE4-1/20230414_143041_DOE4-1_no29.pickle,DOE4-1,29,DOE4-1_29,20230414_143041_DOE4-1_no29.csv,66.015,66.016,66.018,0.03,66
./dataset/DOE_4th/切割訊號/DOE4-1/20230414_143212_DOE4-1_no30.pickle,DOE4-1,30,DOE4-1_30,20230414_143212_DOE4-1_no30.csv,66.014,66.016,66.019,0.03,66
./dataset/DOE_4th/切割訊號/DOE4-1/20230414_143341_DOE4-1_no31.pickle,DOE4-1,31,DOE4-1_31,20230414_143341_DOE4-1_no31.csv,66.015,66.018,66.019,0.03,66
./dataset/DOE_4th/切割訊號/DOE4-1/20230414_143512_DOE4-1_no32.pickle,DOE4-1,32,DOE4-1_32,20230414_143512_DOE4-1_no32.csv,66.017,66.017,66.02,0.03,66
./dataset/DOE_4th/切割訊號/DOE4-1/20230414_143642_DOE4-1_no33.pickle,DOE4-1,33,DOE4-1_33,20230414_143642_DOE4-1_no33.csv,66.016,66.017,66.02,0.03,66
./dataset/DOE_4th/切割訊號/DOE4-1/20230414_143905_DOE4-1_no34.pickle,DOE4-1,34,DOE4-1_34,20230414_143905_DOE4-1_no34.csv,66.016,66.018,66.02,0.03,66
./dataset/DOE_4th/切割訊號/DOE4-1/20230414_144229_DOE4-1_no35.pickle,DOE4-1,35,DOE4-1_35,20230414_144229_DOE4-1_no35.csv,66.017,66.018,66.021,0.03,66
./dataset/DOE_4th/切割訊號/DOE4-1/20230414_144355_DOE4-1_no36.pickle,DOE4-1,36,DOE4-1_36,20230414_144355_DOE4-1_no36.csv,66.018,66.019,66.021,0.03,66
./dataset/DOE_4th/切割訊號/DOE4-1/20230414_144534_DOE4-1_no37.pickle,DOE4-1,37,DOE4-1_37,20230414_144534_DOE4-1_no37.csv,66.016,66.019,66.021,0.03,66
./dataset/DOE_4th/切割訊號/DOE4-1/20230414_144750_DOE4-1_no38.pickle,DOE4-1,38,DOE4-1_38,20230414_144750_DOE4-1_no38.csv,66.004,66.007,66.009,0.016,66
./dataset/DOE_4th/切割訊號/DOE4-1/20230414_144946_DOE4-1_no39.pickle,DOE4-1,39,DOE4-1_39,20230414_144946_DOE4-1_no39.csv,66.004,66.007,66.009,0.016,66
./dataset/DOE_4th/切割訊號/DOE4-1/20230414_150208_DOE4-1_no40.pickle,DOE4-1,40,DOE4-1_40,20230414_150208_DOE4-1_no40.csv,66.001,66.004,66.006,0.016,66
./dataset/DOE_4th/切割訊號/DOE4-1/20230414_150338_DOE4-1_no41.pickle,DOE4-1,41,DOE4-1_41,20230414_150338_DOE4-1_no41.csv,66.001,66.004,66.005,0.016,66
./dataset/DOE_4th/切割訊號/DOE4-1/20230414_150643_DOE4-1_no43.pickle,DOE4-1,43,DOE4-1_43,20230414_150643_DOE4-1_no43.csv,66.001,66.004,66.006,0.016,66
./dataset/DOE_4th/切割訊號/DOE4-1/20230414_150814_DOE4-1_no44.pickle,DOE4-1,44,DOE4-1_44,20230414_150814_DOE4-1_no44.csv,66.003,66.004,66.005,0.016,66
./dataset/DOE_4th/切割訊號/DOE4-1/20230414_150948_DOE4-1_no45.pickle,DOE4-1,45,DOE4-1_45,20230414_150948_DOE4-1_no45.csv,66.004,66.005,66.008,0.016,66
./dataset/DOE_4th/切割訊號/DOE4-1/20230414_151112_DOE4-1_no46.pickle,DOE4-1,46,DOE4-1_46,20230414_151112_DOE4-1_no46.csv,66.003,66.006,66.008,0.016,66
./dataset/DOE_4th/切割訊號/DOE4-1/20230414_151301_DOE4-1_no47.pickle,DOE4-1,47,DOE4-1_47,20230414_151301_DOE4-1_no47.csv,66.004,66.006,66.008,0.016,66
./dataset/DOE_4th/切割訊號/DOE4-1/20230414_151433_DOE4-1_no48.pickle,DOE4-1,48,DOE4-1_48,20230414_151433_DOE4-1_no48.csv,66.006,66.008,66.009,0.016,66
./dataset/DOE_4th/切割訊號/DOE4-1/20230414_151615_DOE4-1_no49.pickle,DOE4-1,49,DOE4-1_49,20230414_151615_DOE4-1_no49.csv,66.005,66.007,66.009,0.016,66
./dataset/DOE_4th/切割訊號/DOE4-1/20230414_151743_DOE4-1_no50.pickle,DOE4-1,50,DOE4-1_50,20230414_151743_DOE4-1_no50.csv,66.006,66.008,66.01,0.016,66
./dataset/DOE_4th/切割訊號/DOE4-2/20230424_092713_DOE4-2_no01.pickle,DOE4-2,1,DOE4-2_01,20230424_092713_DOE4-2_no01.csv,62.015,62.017,62.019,0.016,62
./dataset/DOE_4th/切割訊號/DOE4-2/20230424_093140_DOE4-2_no02.pickle,DOE4-2,2,DOE4-2_02,20230424_093140_DOE4-2_no02.csv,61.995,61.997,62.0,-0.002,62
./dataset/DOE_4th/切割訊號/DOE4-2/20230424_093320_DOE4-2_no03.pickle,DOE4-2,3,DOE4-2_03,20230424_093320_DOE4-2_no03.csv,61.995,61.997,61.998,-0.002,62
./dataset/DOE_4th/切割訊號/DOE4-2/20230424_093459_DOE4-2_no04.pickle,DOE4-2,4,DOE4-2_04,20230424_093459_DOE4-2_no04.csv,61.994,61.997,61.999,-0.002,62
./dataset/DOE_4th/切割訊號/DOE4-2/20230424_093716_DOE4-2_no05.pickle,DOE4-2,5,DOE4-2_05,20230424_093716_DOE4-2_no05.csv,61.995,61.996,61.998,-0.002,62
./dataset/DOE_4th/切割訊號/DOE4-2/20230424_093837_DOE4-2_no06.pickle,DOE4-2,6,DOE4-2_06,20230424_093837_DOE4-2_no06.csv,61.995,61.996,62.0,-0.002,62
./dataset/DOE_4th/切割訊號/DOE4-2/20230424_094000_DOE4-2_no07.pickle,DOE4-2,7,DOE4-2_07,20230424_094000_DOE4-2_no07.csv,61.996,61.997,61.999,-0.002,62
./dataset/DOE_4th/切割訊號/DOE4-2/20230424_094315_DOE4-2_no08.pickle,DOE4-2,8,DOE4-2_08,20230424_094315_DOE4-2_no08.csv,61.996,61.998,62.0,-0.002,62
./dataset/DOE_4th/切割訊號/DOE4-2/20230424_094441_DOE4-2_no09.pickle,DOE4-2,9,DOE4-2_09,20230424_094441_DOE4-2_no09.csv,61.996,61.998,62.001,-0.002,62
./dataset/DOE_4th/切割訊號/DOE4-2/20230424_094604_DOE4-2_no10.pickle,DOE4-2,10,DOE4-2_10,20230424_094604_DOE4-2_no10.csv,61.996,61.997,62.001,-0.002,62
./dataset/DOE_4th/切割訊號/DOE4-2/20230424_094728_DOE4-2_no11.pickle,DOE4-2,11,DOE4-2_11,20230424_094728_DOE4-2_no11.csv,61.997,61.999,62.001,-0.002,62
./dataset/DOE_4th/切割訊號/DOE4-2/20230424_094848_DOE4-2_no12.pickle,DOE4-2,12,DOE4-2_12,20230424_094848_DOE4-2_no12.csv,61.999,61.999,62.002,-0.002,62
./dataset/DOE_4th/切割訊號/DOE4-2/20230424_095015_DOE4-2_no13.pickle,DOE4-2,13,DOE4-2_13,20230424_095015_DOE4-2_no13.csv,61.998,61.998,62.002,-0.002,62
./dataset/DOE_4th/切割訊號/DOE4-2/20230424_100039_DOE4-2_no14.pickle,DOE4-2,14,DOE4-2_14,20230424_100039_DOE4-2_no14.csv,61.996,61.998,62.0,-0.002,62
./dataset/DOE_4th/切割訊號/DOE4-2/20230424_100211_DOE4-2_no15.pickle,DOE4-2,15,DOE4-2_15,20230424_100211_DOE4-2_no15.csv,61.997,61.998,62.001,-0.002,62
./dataset/DOE_4th/切割訊號/DOE4-2/20230424_100332_DOE4-2_no16.pickle,DOE4-2,16,DOE4-2_16,20230424_100332_DOE4-2_no16.csv,61.998,61.999,62.002,-0.002,62
./dataset/DOE_4th/切割訊號/DOE4-2/20230424_100455_DOE4-2_no17.pickle,DOE4-2,17,DOE4-2_17,20230424_100455_DOE4-2_no17.csv,61.998,62.001,62.004,-0.002,62
./dataset/DOE_4th/切割訊號/DOE4-2/20230424_100614_DOE4-2_no18.pickle,DOE4-2,18,DOE4-2_18,20230424_100614_DOE4-2_no18.csv,61.999,62.0,62.003,-0.002,62
./dataset/DOE_4th/切割訊號/DOE4-2/20230424_100733_DOE4-2_no19.pickle,DOE4-2,19,DOE4-2_19,20230424_100733_DOE4-2_no19.csv,61.999,62.001,62.005,-0.002,62
./dataset/DOE_4th/切割訊號/DOE4-2/20230424_100900_DOE4-2_no20.pickle,DOE4-2,20,DOE4-2_20,20230424_100900_DOE4-2_no20.csv,62.003,62.004,62.006,-0.002,62
./dataset/DOE_4th/切割訊號/DOE4-2/20230424_101017_DOE4-2_no21.pickle,DOE4-2,21,DOE4-2_21,20230424_101017_DOE4-2_no21.csv,62.003,62.003,62.006,-0.002,62
./dataset/DOE_4th/切割訊號/DOE4-2/20230424_101133_DOE4-2_no22.pickle,DOE4-2,22,DOE4-2_22,20230424_101133_DOE4-2_no22.csv,62.003,62.003,62.006,-0.002,62
./dataset/DOE_4th/切割訊號/DOE4-2/20230424_101254_DOE4-2_no23.pickle,DOE4-2,23,DOE4-2_23,20230424_101254_DOE4-2_no23.csv,62.003,62.004,62.007,-0.002,62
./dataset/DOE_4th/切割訊號/DOE4-2/20230424_101416_DOE4-2_no24.pickle,DOE4-2,24,DOE4-2_24,20230424_101416_DOE4-2_no24.csv,62.003,62.005,62.007,-0.002,62
./dataset/DOE_4th/切割訊號/DOE4-2/20230424_101653_DOE4-2_no25.pickle,DOE4-2,25,DOE4-2_25,20230424_101653_DOE4-2_no25.csv,62.003,62.004,62.008,-0.002,62
./dataset/DOE_4th/切割訊號/DOE4-2/20230424_101836_DOE4-2_no26.pickle,DOE4-2,26,DOE4-2_26,20230424_101836_DOE4-2_no26.csv,62.003,62.005,62.008,-0.002,62
./dataset/DOE_4th/切割訊號/DOE4-2/20230424_102005_DOE4-2_no27.pickle,DOE4-2,27,DOE4-2_27,20230424_102005_DOE4-2_no27.csv,62.003,62.004,62.009,-0.002,62
./dataset/DOE_4th/切割訊號/DOE4-2/20230424_102134_DOE4-2_no28.pickle,DOE4-2,28,DOE4-2_28,20230424_102134_DOE4-2_no28.csv,62.004,62.006,62.01,-0.002,62
./dataset/DOE_4th/切割訊號/DOE4-2/20230424_102259_DOE4-2_no29.pickle,DOE4-2,29,DOE4-2_29,20230424_102259_DOE4-2_no29.csv,62.004,62.005,62.009,-0.002,62
./dataset/DOE_4th/切割訊號/DOE4-2/20230424_102443_DOE4-2_no30.pickle,DOE4-2,30,DOE4-2_30,20230424_102443_DOE4-2_no30.csv,62.005,62.006,62.01,-0.002,62
./dataset/DOE_4th/切割訊號/DOE4-2/20230424_102610_DOE4-2_no31.pickle,DOE4-2,31,DOE4-2_31,20230424_102610_DOE4-2_no31.csv,62.004,62.006,62.009,-0.002,62
./dataset/DOE_4th/切割訊號/DOE4-2/20230424_102738_DOE4-2_no32.pickle,DOE4-2,32,DOE4-2_32,20230424_102738_DOE4-2_no32.csv,62.005,62.007,62.01,-0.002,62
./dataset/DOE_4th/切割訊號/DOE4-2/20230424_102902_DOE4-2_no33.pickle,DOE4-2,33,DOE4-2_33,20230424_102902_DOE4-2_no33.csv,62.004,62.008,62.01,-0.002,62
./dataset/DOE_4th/切割訊號/DOE4-2/20230424_103045_DOE4-2_no34.pickle,DOE4-2,34,DOE4-2_34,20230424_103045_DOE4-2_no34.csv,62.005,62.008,62.012,-0.002,62
./dataset/DOE_4th/切割訊號/DOE4-2/20230424_103226_DOE4-2_no35.pickle,DOE4-2,35,DOE4-2_35,20230424_103226_DOE4-2_no35.csv,62.007,62.008,62.012,-0.002,62
./dataset/DOE_4th/切割訊號/DOE4-2/20230424_103514_DOE4-2_no36.pickle,DOE4-2,36,DOE4-2_36,20230424_103514_DOE4-2_no36.csv,61.997,61.998,62.002,-0.012,62
./dataset/DOE_4th/切割訊號/DOE4-2/20230424_103657_DOE4-2_no37.pickle,DOE4-2,37,DOE4-2_37,20230424_103657_DOE4-2_no37.csv,61.997,61.999,62.002,-0.012,62
./dataset/DOE_4th/切割訊號/DOE4-2/20230424_103827_DOE4-2_no38.pickle,DOE4-2,38,DOE4-2_38,20230424_103827_DOE4-2_no38.csv,61.998,61.999,62.003,-0.012,62
./dataset/DOE_4th/切割訊號/DOE4-2/20230424_104007_DOE4-2_no39.pickle,DOE4-2,39,DOE4-2_39,20230424_104007_DOE4-2_no39.csv,61.999,62.0,62.002,-0.012,62
./dataset/DOE_4th/切割訊號/DOE4-2/20230424_104143_DOE4-2_no40.pickle,DOE4-2,40,DOE4-2_40,20230424_104143_DOE4-2_no40.csv,61.998,62.001,62.003,-0.012,62
./dataset/DOE_4th/切割訊號/DOE4-2/20230424_104331_DOE4-2_no41.pickle,DOE4-2,41,DOE4-2_41,20230424_104331_DOE4-2_no41.csv,61.998,61.999,62.004,-0.012,62
./dataset/DOE_4th/切割訊號/DOE4-2/20230424_104458_DOE4-2_no42.pickle,DOE4-2,42,DOE4-2_42,20230424_104458_DOE4-2_no42.csv,62.0,62.001,62.004,-0.012,62
./dataset/DOE_4th/切割訊號/DOE4-2/20230424_104618_DOE4-2_no43.pickle,DOE4-2,43,DOE4-2_43,20230424_104618_DOE4-2_no43.csv,62.0,62.001,62.005,-0.012,62
./dataset/DOE_4th/切割訊號/DOE4-2/20230424_104750_DOE4-2_no44.pickle,DOE4-2,44,DOE4-2_44,20230424_104750_DOE4-2_no44.csv,62.001,62.002,62.005,-0.012,62
./dataset/DOE_4th/切割訊號/DOE4-2/20230424_104946_DOE4-2_no45.pickle,DOE4-2,45,DOE4-2_45,20230424_104946_DOE4-2_no45.csv,62.002,62.003,62.007,-0.012,62
./dataset/DOE_4th/切割訊號/DOE4-2/20230424_105119_DOE4-2_no46.pickle,DOE4-2,46,DOE4-2_46,20230424_105119_DOE4-2_no46.csv,62.002,62.006,62.007,-0.012,62
./dataset/DOE_4th/切割訊號/DOE4-2/20230424_105248_DOE4-2_no47.pickle,DOE4-2,47,DOE4-2_47,20230424_105248_DOE4-2_no47.csv,62.003,62.005,62.008,-0.012,62
./dataset/DOE_4th/切割訊號/DOE4-2/20230424_105417_DOE4-2_no48.pickle,DOE4-2,48,DOE4-2_48,20230424_105417_DOE4-2_no48.csv,62.003,62.005,62.01,-0.012,62
./dataset/DOE_4th/切割訊號/DOE4-2/20230424_105554_DOE4-2_no49.pickle,DOE4-2,49,DOE4-2_49,20230424_105554_DOE4-2_no49.csv,62.004,62.007,62.009,-0.012,62
./dataset/DOE_4th/切割訊號/DOE4-2/20230424_105727_DOE4-2_no50.pickle,DOE4-2,50,DOE4-2_50,20230424_105727_DOE4-2_no50.csv,62.004,62.006,62.01,-0.012,62
./dataset/DOE_4th/切割訊號/DOE4-3/20230428_094040_DOE4-3_no1.pickle,DOE4-3,1,DOE4-3_01,20230428_094040_DOE4-3_no01.csv,57.971,57.975,57.982,-0.012,58
./dataset/DOE_4th/切割訊號/DOE4-3/20230428_094354_DOE4-3_no2.pickle,DOE4-3,2,DOE4-3_02,20230428_094354_DOE4-3_no02.csv,57.982,57.983,57.986,-0.004,58
./dataset/DOE_4th/切割訊號/DOE4-3/20230428_094529_DOE4-3_no3.pickle,DOE4-3,3,DOE4-3_03,20230428_094529_DOE4-3_no03.csv,57.981,57.983,57.985,-0.004,58
./dataset/DOE_4th/切割訊號/DOE4-3/20230428_094647_DOE4-3_no4.pickle,DOE4-3,4,DOE4-3_04,20230428_094647_DOE4-3_no04.csv,57.984,57.985,57.987,-0.004,58
./dataset/DOE_4th/切割訊號/DOE4-3/20230428_094811_DOE4-3_no5.pickle,DOE4-3,5,DOE4-3_05,20230428_094811_DOE4-3_no05.csv,57.984,57.985,57.987,-0.004,58
./dataset/DOE_4th/切割訊號/DOE4-3/20230428_094934_DOE4-3_no6.pickle,DOE4-3,6,DOE4-3_06,20230428_094934_DOE4-3_no06.csv,57.984,57.985,57.988,-0.004,58
./dataset/DOE_4th/切割訊號/DOE4-3/20230428_095104_DOE4-3_no7.pickle,DOE4-3,7,DOE4-3_07,20230428_095104_DOE4-3_no07.csv,57.983,57.985,57.987,-0.004,58
./dataset/DOE_4th/切割訊號/DOE4-3/20230428_095239_DOE4-3_no8.pickle,DOE4-3,8,DOE4-3_08,20230428_095239_DOE4-3_no08.csv,57.983,57.987,57.987,-0.004,58
./dataset/DOE_4th/切割訊號/DOE4-3/20230428_095418_DOE4-3_no9.pickle,DOE4-3,9,DOE4-3_09,20230428_095418_DOE4-3_no09.csv,57.983,57.986,57.988,-0.004,58
./dataset/DOE_4th/切割訊號/DOE4-3/20230428_095559_DOE4-3_no10.pickle,DOE4-3,10,DOE4-3_10,20230428_095559_DOE4-3_no10.csv,57.984,57.986,57.989,-0.004,58
./dataset/DOE_4th/切割訊號/DOE4-3/20230428_095736_DOE4-3_no11.pickle,DOE4-3,11,DOE4-3_11,20230428_095736_DOE4-3_no11.csv,57.986,57.986,57.99,-0.004,58
./dataset/DOE_4th/切割訊號/DOE4-3/20230428_095901_DOE4-3_no12.pickle,DOE4-3,12,DOE4-3_12,20230428_095901_DOE4-3_no12.csv,57.986,57.987,57.992,-0.004,58
./dataset/DOE_4th/切割訊號/DOE4-3/20230428_100033_DOE4-3_no13.pickle,DOE4-3,13,DOE4-3_13,20230428_100033_DOE4-3_no13.csv,57.986,57.987,57.989,-0.004,58
./dataset/DOE_4th/切割訊號/DOE4-3/20230428_100158_DOE4-3_no14.pickle,DOE4-3,14,DOE4-3_14,20230428_100158_DOE4-3_no14.csv,57.987,57.987,57.99,-0.004,58
./dataset/DOE_4th/切割訊號/DOE4-3/20230428_100325_DOE4-3_no15.pickle,DOE4-3,15,DOE4-3_15,20230428_100325_DOE4-3_no15.csv,57.987,57.988,57.991,-0.004,58
./dataset/DOE_4th/切割訊號/DOE4-3/20230428_100455_DOE4-3_no16.pickle,DOE4-3,16,DOE4-3_16,20230428_100455_DOE4-3_no16.csv,57.987,57.989,57.992,-0.004,58
./dataset/DOE_4th/切割訊號/DOE4-3/20230428_100622_DOE4-3_no17.pickle,DOE4-3,17,DOE4-3_17,20230428_100622_DOE4-3_no17.csv,57.987,57.989,57.994,-0.004,58
./dataset/DOE_4th/切割訊號/DOE4-3/20230428_100753_DOE4-3_no18.pickle,DOE4-3,18,DOE4-3_18,20230428_100753_DOE4-3_no18.csv,57.989,57.989,57.993,-0.004,58
./dataset/DOE_4th/切割訊號/DOE4-3/20230428_100950_DOE4-3_no19.pickle,DOE4-3,19,DOE4-3_19,20230428_100950_DOE4-3_no19.csv,57.989,57.99,57.995,-0.004,58
./dataset/DOE_4th/切割訊號/DOE4-3/20230428_101216_DOE4-3_no20.pickle,DOE4-3,20,DOE4-3_20,20230428_101216_DOE4-3_no20.csv,57.991,57.992,57.996,-0.004,58
./dataset/DOE_4th/切割訊號/DOE4-3/20230428_101336_DOE4-3_no21.pickle,DOE4-3,21,DOE4-3_21,20230428_101336_DOE4-3_no21.csv,57.991,57.993,57.996,-0.004,58
./dataset/DOE_4th/切割訊號/DOE4-3/20230428_101514_DOE4-3_no22.pickle,DOE4-3,22,DOE4-3_22,20230428_101514_DOE4-3_no22.csv,57.993,57.995,57.998,-0.004,58
./dataset/DOE_4th/切割訊號/DOE4-3/20230428_101643_DOE4-3_no23.pickle,DOE4-3,23,DOE4-3_23,20230428_101643_DOE4-3_no23.csv,57.993,57.995,57.998,-0.004,58
./dataset/DOE_4th/切割訊號/DOE4-3/20230428_101804_DOE4-3_no24.pickle,DOE4-3,24,DOE4-3_24,20230428_101804_DOE4-3_no24.csv,57.994,57.996,57.998,-0.004,58
./dataset/DOE_4th/切割訊號/DOE4-3/20230428_101931_DOE4-3_no25.pickle,DOE4-3,25,DOE4-3_25,20230428_101931_DOE4-3_no25.csv,57.995,57.995,57.999,-0.004,58
./dataset/DOE_4th/切割訊號/DOE4-3/20230428_102421_DOE4-3_no26.pickle,DOE4-3,26,DOE4-3_26,20230428_102421_DOE4-3_no26.csv,57.993,57.998,57.999,-0.004,58
./dataset/DOE_4th/切割訊號/DOE4-3/20230428_102549_DOE4-3_no27.pickle,DOE4-3,27,DOE4-3_27,20230428_102549_DOE4-3_no27.csv,57.995,57.996,58.0,-0.004,58
./dataset/DOE_4th/切割訊號/DOE4-3/20230428_102719_DOE4-3_no28.pickle,DOE4-3,28,DOE4-3_28,20230428_102719_DOE4-3_no28.csv,57.994,57.996,57.999,-0.004,58
./dataset/DOE_4th/切割訊號/DOE4-3/20230428_102852_DOE4-3_no29.pickle,DOE4-3,29,DOE4-3_29,20230428_102852_DOE4-3_no29.csv,57.995,57.997,57.999,-0.004,58
./dataset/DOE_4th/切割訊號/DOE4-3/20230428_103043_DOE4-3_no30.pickle,DOE4-3,30,DOE4-3_30,20230428_103043_DOE4-3_no30.csv,57.995,57.997,57.999,-0.004,58
./dataset/DOE_4th/切割訊號/DOE4-3/20230428_103212_DOE4-3_no31.pickle,DOE4-3,31,DOE4-3_31,20230428_103212_DOE4-3_no31.csv,57.995,57.997,58.0,-0.004,58
./dataset/DOE_4th/切割訊號/DOE4-3/20230428_103330_DOE4-3_no32.pickle,DOE4-3,32,DOE4-3_32,20230428_103330_DOE4-3_no32.csv,57.995,57.996,57.999,-0.004,58
./dataset/DOE_4th/切割訊號/DOE4-3/20230428_103615_DOE4-3_no33.pickle,DOE4-3,33,DOE4-3_33,20230428_103615_DOE4-3_no33.csv,57.994,57.995,57.999,-0.004,58
./dataset/DOE_4th/切割訊號/DOE4-3/20230428_103754_DOE4-3_no34.pickle,DOE4-3,34,DOE4-3_34,20230428_103754_DOE4-3_no34.csv,57.994,57.996,57.999,-0.004,58
./dataset/DOE_4th/切割訊號/DOE4-3/20230428_103924_DOE4-3_no35.pickle,DOE4-3,35,DOE4-3_35,20230428_103924_DOE4-3_no35.csv,57.995,57.996,58.001,-0.004,58
./dataset/DOE_4th/切割訊號/DOE4-3/20230428_104052_DOE4-3_no36.pickle,DOE4-3,36,DOE4-3_36,20230428_104052_DOE4-3_no36.csv,57.996,57.996,58.0,-0.004,58
./dataset/DOE_4th/切割訊號/DOE4-3/20230428_104232_DOE4-3_no37.pickle,DOE4-3,37,DOE4-3_37,20230428_104232_DOE4-3_no37.csv,57.995,57.997,58.001,-0.004,58
./dataset/DOE_4th/切割訊號/DOE4-3/20230428_104406_DOE4-3_no38.pickle,DOE4-3,38,DOE4-3_38,20230428_104406_DOE4-3_no38.csv,57.994,57.997,58.002,-0.004,58
./dataset/DOE_4th/切割訊號/DOE4-3/20230428_104535_DOE4-3_no39.pickle,DOE4-3,39,DOE4-3_39,20230428_104535_DOE4-3_no39.csv,57.995,57.997,58.002,-0.004,58
./dataset/DOE_4th/切割訊號/DOE4-3/20230428_104707_DOE4-3_no40.pickle,DOE4-3,40,DOE4-3_40,20230428_104707_DOE4-3_no40.csv,57.998,57.999,58.002,-0.004,58
./dataset/DOE_4th/切割訊號/DOE4-3/20230428_104844_DOE4-3_no41.pickle,DOE4-3,41,DOE4-3_41,20230428_104844_DOE4-3_no41.csv,57.998,57.999,58.002,-0.004,58
./dataset/DOE_4th/切割訊號/DOE4-3/20230428_105024_DOE4-3_no42.pickle,DOE4-3,42,DOE4-3_42,20230428_105024_DOE4-3_no42.csv,57.998,58.0,58.003,-0.004,58
./dataset/DOE_4th/切割訊號/DOE4-3/20230428_105148_DOE4-3_no43.pickle,DOE4-3,43,DOE4-3_43,20230428_105148_DOE4-3_no43.csv,57.998,58.001,58.004,-0.004,58
./dataset/DOE_4th/切割訊號/DOE4-3/20230428_105354_DOE4-3_no44.pickle,DOE4-3,44,DOE4-3_44,20230428_105354_DOE4-3_no44.csv,57.99,57.991,57.994,-0.014,58
./dataset/DOE_4th/切割訊號/DOE4-3/20230428_105542_DOE4-3_no45.pickle,DOE4-3,45,DOE4-3_45,20230428_105542_DOE4-3_no45.csv,57.989,57.991,57.995,-0.014,58
./dataset/DOE_4th/切割訊號/DOE4-3/20230428_105732_DOE4-3_no46.pickle,DOE4-3,46,DOE4-3_46,20230428_105732_DOE4-3_no46.csv,57.989,57.992,57.996,-0.014,58
./dataset/DOE_4th/切割訊號/DOE4-3/20230428_110119_DOE4-3_no47.pickle,DOE4-3,47,DOE4-3_47,20230428_110119_DOE4-3_no47.csv,57.99,57.994,57.996,-0.014,58
./dataset/DOE_4th/切割訊號/DOE4-3/20230428_110446_DOE4-3_no48.pickle,DOE4-3,48,DOE4-3_48,20230428_110446_DOE4-3_no48.csv,57.992,57.994,57.996,-0.014,58
./dataset/DOE_4th/切割訊號/DOE4-3/20230428_110639_DOE4-3_no49.pickle,DOE4-3,49,DOE4-3_49,20230428_110639_DOE4-3_no49.csv,57.99,57.993,57.995,-0.014,58
./dataset/DOE_4th/切割訊號/DOE4-3/20230428_110807_DOE4-3_no50.pickle,DOE4-3,50,DOE4-3_50,20230428_110807_DOE4-3_no50.csv,57.99,57.991,57.996,-0.014,58
./dataset/DOE_4th/切割訊號/DOE4-4/20230509_093515_DOE4-4_no01.pickle,DOE4-4,1,DOE4-4_01,20230509_093515_DOE4-4_no01.csv,53.989,53.989,53.993,-0.014,54
./dataset/DOE_4th/切割訊號/DOE4-4/20230509_093831_DOE4-4_no02.pickle,DOE4-4,2,DOE4-4_02,20230509_093831_DOE4-4_no02.csv,53.99,53.99,53.992,-0.014,54
./dataset/DOE_4th/切割訊號/DOE4-4/20230509_093958_DOE4-4_no03.pickle,DOE4-4,3,DOE4-4_03,20230509_093958_DOE4-4_no03.csv,53.988,53.989,53.992,-0.014,54
./dataset/DOE_4th/切割訊號/DOE4-4/20230509_094125_DOE4-4_no04.pickle,DOE4-4,4,DOE4-4_04,20230509_094125_DOE4-4_no04.csv,53.989,53.99,53.993,-0.014,54
./dataset/DOE_4th/切割訊號/DOE4-4/20230509_094249_DOE4-4_no05.pickle,DOE4-4,5,DOE4-4_05,20230509_094249_DOE4-4_no05.csv,53.99,53.99,53.992,-0.014,54
./dataset/DOE_4th/切割訊號/DOE4-4/20230509_094413_DOE4-4_no06.pickle,DOE4-4,6,DOE4-4_06,20230509_094413_DOE4-4_no06.csv,53.988,53.988,53.993,-0.014,54
./dataset/DOE_4th/切割訊號/DOE4-4/20230509_094540_DOE4-4_no07.pickle,DOE4-4,7,DOE4-4_07,20230509_094540_DOE4-4_no07.csv,53.989,53.99,53.992,-0.014,54
./dataset/DOE_4th/切割訊號/DOE4-4/20230509_094706_DOE4-4_no08.pickle,DOE4-4,8,DOE4-4_08,20230509_094706_DOE4-4_no08.csv,53.989,53.991,53.992,-0.014,54
./dataset/DOE_4th/切割訊號/DOE4-4/20230509_094847_DOE4-4_no09.pickle,DOE4-4,9,DOE4-4_09,20230509_094847_DOE4-4_no09.csv,53.989,53.99,53.993,-0.014,54
./dataset/DOE_4th/切割訊號/DOE4-4/20230509_095013_DOE4-4_no10.pickle,DOE4-4,10,DOE4-4_10,20230509_095013_DOE4-4_no10.csv,53.989,53.99,53.993,-0.014,54
./dataset/DOE_4th/切割訊號/DOE4-4/20230509_100027_DOE4-4_no11.pickle,DOE4-4,11,DOE4-4_11,20230509_100027_DOE4-4_no11.csv,53.99,53.991,53.995,-0.014,54
./dataset/DOE_4th/切割訊號/DOE4-4/20230509_100150_DOE4-4_no12.pickle,DOE4-4,12,DOE4-4_12,20230509_100150_DOE4-4_no12.csv,53.991,53.991,53.996,-0.014,54
./dataset/DOE_4th/切割訊號/DOE4-4/20230509_100331_DOE4-4_no13.pickle,DOE4-4,13,DOE4-4_13,20230509_100331_DOE4-4_no13.csv,53.989,53.992,53.994,-0.014,54
./dataset/DOE_4th/切割訊號/DOE4-4/20230509_100505_DOE4-4_no14.pickle,DOE4-4,14,DOE4-4_14,20230509_100505_DOE4-4_no14.csv,53.991,53.994,53.995,-0.014,54
./dataset/DOE_4th/切割訊號/DOE4-4/20230509_100635_DOE4-4_no15.pickle,DOE4-4,15,DOE4-4_15,20230509_100635_DOE4-4_no15.csv,53.992,53.994,53.997,-0.014,54
./dataset/DOE_4th/切割訊號/DOE4-4/20230509_100915_DOE4-4_no16.pickle,DOE4-4,16,DOE4-4_16,20230509_100915_DOE4-4_no16.csv,53.994,53.997,53.999,-0.014,54
./dataset/DOE_4th/切割訊號/DOE4-4/20230509_101123_DOE4-4_no17.pickle,DOE4-4,17,DOE4-4_17,20230509_101123_DOE4-4_no17.csv,53.995,53.998,53.999,-0.014,54
./dataset/DOE_4th/切割訊號/DOE4-4/20230509_101303_DOE4-4_no18.pickle,DOE4-4,18,DOE4-4_18,20230509_101303_DOE4-4_no18.csv,53.995,53.997,53.999,-0.014,54
./dataset/DOE_4th/切割訊號/DOE4-4/20230509_101446_DOE4-4_no19.pickle,DOE4-4,19,DOE4-4_19,20230509_101446_DOE4-4_no19.csv,53.995,53.996,54.0,-0.014,54
./dataset/DOE_4th/切割訊號/DOE4-4/20230509_101619_DOE4-4_no20.pickle,DOE4-4,20,DOE4-4_20,20230509_101619_DOE4-4_no20.csv,53.997,53.998,54.0,-0.014,54
./dataset/DOE_4th/切割訊號/DOE4-4/20230509_101924_DOE4-4_no21.pickle,DOE4-4,21,DOE4-4_21,20230509_101924_DOE4-4_no21.csv,53.996,53.998,54.0,-0.014,54
./dataset/DOE_4th/切割訊號/DOE4-4/20230509_102102_DOE4-4_no22.pickle,DOE4-4,22,DOE4-4_22,20230509_102102_DOE4-4_no22.csv,53.996,53.997,54.0,-0.014,54
./dataset/DOE_4th/切割訊號/DOE4-4/20230509_102234_DOE4-4_no23.pickle,DOE4-4,23,DOE4-4_23,20230509_102234_DOE4-4_no23.csv,53.997,53.999,54.001,-0.014,54
./dataset/DOE_4th/切割訊號/DOE4-4/20230509_102417_DOE4-4_no24.pickle,DOE4-4,24,DOE4-4_24,20230509_102417_DOE4-4_no24.csv,53.996,53.997,54.002,-0.014,54
./dataset/DOE_4th/切割訊號/DOE4-4/20230509_102550_DOE4-4_no25.pickle,DOE4-4,25,DOE4-4_25,20230509_102550_DOE4-4_no25.csv,53.997,53.998,54.001,-0.014,54
./dataset/DOE_4th/切割訊號/DOE4-4/20230509_103005_DOE4-4_no26.pickle,DOE4-4,26,DOE4-4_26,20230509_103005_DOE4-4_no26.csv,53.997,53.999,54.002,-0.014,54
./dataset/DOE_4th/切割訊號/DOE4-4/20230509_103151_DOE4-4_no27.pickle,DOE4-4,27,DOE4-4_27,20230509_103151_DOE4-4_no27.csv,53.997,53.997,54.002,-0.014,54
./dataset/DOE_4th/切割訊號/DOE4-4/20230509_103321_DOE4-4_no28.pickle,DOE4-4,28,DOE4-4_28,20230509_103321_DOE4-4_no28.csv,53.997,53.998,54.001,-0.014,54
./dataset/DOE_4th/切割訊號/DOE4-4/20230509_103522_DOE4-4_no29.pickle,DOE4-4,29,DOE4-4_29,20230509_103522_DOE4-4_no29.csv,53.999,53.999,54.002,-0.014,54
./dataset/DOE_4th/切割訊號/DOE4-4/20230509_103702_DOE4-4_no30.pickle,DOE4-4,30,DOE4-4_30,20230509_103702_DOE4-4_no30.csv,53.999,54.001,54.003,-0.014,54
./dataset/DOE_4th/切割訊號/DOE4-4/20230509_103837_DOE4-4_no31.pickle,DOE4-4,31,DOE4-4_31,20230509_103837_DOE4-4_no31.csv,54.002,53.999,54.003,-0.014,54
./dataset/DOE_4th/切割訊號/DOE4-4/20230509_104010_DOE4-4_no32.pickle,DOE4-4,32,DOE4-4_32,20230509_104010_DOE4-4_no32.csv,54.002,53.999,54.003,-0.014,54
./dataset/DOE_4th/切割訊號/DOE4-4/20230509_104158_DOE4-4_no33.pickle,DOE4-4,33,DOE4-4_33,20230509_104158_DOE4-4_no33.csv,54.0,54.002,54.003,-0.014,54
./dataset/DOE_4th/切割訊號/DOE4-4/20230509_104331_DOE4-4_no34.pickle,DOE4-4,34,DOE4-4_34,20230509_104331_DOE4-4_no34.csv,54.0,54.001,54.004,-0.014,54
./dataset/DOE_4th/切割訊號/DOE4-4/20230509_104506_DOE4-4_no35.pickle,DOE4-4,35,DOE4-4_35,20230509_104506_DOE4-4_no35.csv,53.998,54.0,54.002,-0.014,54
./dataset/DOE_4th/切割訊號/DOE4-4/20230509_104643_DOE4-4_no36.pickle,DOE4-4,36,DOE4-4_36,20230509_104643_DOE4-4_no36.csv,54.0,53.999,54.004,-0.014,54
./dataset/DOE_4th/切割訊號/DOE4-4/20230509_105017_DOE4-4_no37.pickle,DOE4-4,37,DOE4-4_37,20230509_105017_DOE4-4_no37.csv,53.999,54.001,54.004,-0.014,54
./dataset/DOE_4th/切割訊號/DOE4-4/20230509_105146_DOE4-4_no38.pickle,DOE4-4,38,DOE4-4_38,20230509_105146_DOE4-4_no38.csv,54.0,54.001,54.004,-0.014,54
./dataset/DOE_4th/切割訊號/DOE4-4/20230509_105330_DOE4-4_no39.pickle,DOE4-4,39,DOE4-4_39,20230509_105330_DOE4-4_no39.csv,53.999,54.001,54.005,-0.014,54
./dataset/DOE_4th/切割訊號/DOE4-4/20230509_105508_DOE4-4_no40.pickle,DOE4-4,40,DOE4-4_40,20230509_105508_DOE4-4_no40.csv,54.0,54.001,54.005,-0.014,54
./dataset/DOE_4th/切割訊號/DOE4-4/20230509_105646_DOE4-4_no41.pickle,DOE4-4,41,DOE4-4_41,20230509_105646_DOE4-4_no41.csv,54.0,54.001,54.004,-0.014,54
./dataset/DOE_4th/切割訊號/DOE4-4/20230509_105815_DOE4-4_no42.pickle,DOE4-4,42,DOE4-4_42,20230509_105815_DOE4-4_no42.csv,54.001,54.003,54.005,-0.014,54
./dataset/DOE_4th/切割訊號/DOE4-4/20230509_105943_DOE4-4_no43.pickle,DOE4-4,43,DOE4-4_43,20230509_105943_DOE4-4_no43.csv,54.001,54.002,54.005,-0.014,54
./dataset/DOE_4th/切割訊號/DOE4-4/20230509_110115_DOE4-4_no44.pickle,DOE4-4,44,DOE4-4_44,20230509_110115_DOE4-4_no44.csv,54.001,54.002,54.005,-0.014,54
./dataset/DOE_4th/切割訊號/DOE4-4/20230509_110307_DOE4-4_no45.pickle,DOE4-4,45,DOE4-4_45,20230509_110307_DOE4-4_no45.csv,54.002,54.002,54.005,-0.014,54
./dataset/DOE_4th/切割訊號/DOE4-4/20230509_110429_DOE4-4_no46.pickle,DOE4-4,46,DOE4-4_46,20230509_110429_DOE4-4_no46.csv,54.002,54.002,54.007,-0.014,54
./dataset/DOE_4th/切割訊號/DOE4-4/20230509_110556_DOE4-4_no47.pickle,DOE4-4,47,DOE4-4_47,20230509_110556_DOE4-4_no47.csv,54.002,54.003,54.006,-0.014,54
./dataset/DOE_4th/切割訊號/DOE4-4/20230509_110721_DOE4-4_no48.pickle,DOE4-4,48,DOE4-4_48,20230509_110721_DOE4-4_no48.csv,54.001,54.003,54.007,-0.014,54
./dataset/DOE_4th/切割訊號/DOE4-4/20230509_110858_DOE4-4_no49.pickle,DOE4-4,49,DOE4-4_49,20230509_110858_DOE4-4_no49.csv,54.002,54.004,54.007,-0.014,54
./dataset/DOE_4th/切割訊號/DOE4-4/20230509_111233_DOE4-4_no50.pickle,DOE4-4,50,DOE4-4_50,20230509_111233_DOE4-4_no50.csv,54.003,54.005,54.008,-0.014,54
./dataset/DOE_4th/切割訊號/DOE4-5/20230512_094410_DOE4-5_no01.pickle,DOE4-5,1,DOE4-5_01,20230512_094410_DOE4-5_no01.csv,50.003,50.005,50.006,-0.014,50
./dataset/DOE_4th/切割訊號/DOE4-5/20230512_094831_DOE4-5_no02.pickle,DOE4-5,2,DOE4-5_02,20230512_094831_DOE4-5_no02.csv,50.002,50.005,50.008,-0.014,50
./dataset/DOE_4th/切割訊號/DOE4-5/20230512_095033_DOE4-5_no03.pickle,DOE4-5,3,DOE4-5_03,20230512_095033_DOE4-5_no03.csv,50.002,50.003,50.005,-0.014,50
./dataset/DOE_4th/切割訊號/DOE4-5/20230512_095150_DOE4-5_no04.pickle,DOE4-5,4,DOE4-5_04,20230512_095150_DOE4-5_no04.csv,50.002,50.003,50.005,-0.014,50
./dataset/DOE_4th/切割訊號/DOE4-5/20230512_095330_DOE4-5_no05.pickle,DOE4-5,5,DOE4-5_05,20230512_095330_DOE4-5_no05.csv,50.001,50.002,50.005,-0.014,50
./dataset/DOE_4th/切割訊號/DOE4-5/20230512_095453_DOE4-5_no06.pickle,DOE4-5,6,DOE4-5_06,20230512_095453_DOE4-5_no06.csv,50.0,50.002,50.005,-0.014,50
./dataset/DOE_4th/切割訊號/DOE4-5/20230512_095707_DOE4-5_no07.pickle,DOE4-5,7,DOE4-5_07,20230512_095707_DOE4-5_no07.csv,50.001,50.003,50.005,-0.014,50
./dataset/DOE_4th/切割訊號/DOE4-5/20230512_095842_DOE4-5_no08.pickle,DOE4-5,8,DOE4-5_08,20230512_095842_DOE4-5_no08.csv,50.001,50.003,50.006,-0.014,50
./dataset/DOE_4th/切割訊號/DOE4-5/20230512_100000_DOE4-5_no09.pickle,DOE4-5,9,DOE4-5_09,20230512_100000_DOE4-5_no09.csv,50.001,50.003,50.005,-0.014,50
./dataset/DOE_4th/切割訊號/DOE4-5/20230512_100134_DOE4-5_no10.pickle,DOE4-5,10,DOE4-5_10,20230512_100134_DOE4-5_no10.csv,50.001,50.004,50.006,-0.014,50
./dataset/DOE_4th/切割訊號/DOE4-5/20230512_100257_DOE4-5_no11.pickle,DOE4-5,11,DOE4-5_11,20230512_100257_DOE4-5_no11.csv,50.001,50.004,50.007,-0.014,50
./dataset/DOE_4th/切割訊號/DOE4-5/20230512_100420_DOE4-5_no12.pickle,DOE4-5,12,DOE4-5_12,20230512_100420_DOE4-5_no12.csv,50.002,50.005,50.007,-0.014,50
./dataset/DOE_4th/切割訊號/DOE4-5/20230512_100548_DOE4-5_no13.pickle,DOE4-5,13,DOE4-5_13,20230512_100548_DOE4-5_no13.csv,50.003,50.005,50.007,-0.014,50
./dataset/DOE_4th/切割訊號/DOE4-5/20230512_100710_DOE4-5_no14.pickle,DOE4-5,14,DOE4-5_14,20230512_100710_DOE4-5_no14.csv,50.003,50.004,50.008,-0.014,50
./dataset/DOE_4th/切割訊號/DOE4-5/20230512_100840_DOE4-5_no15.pickle,DOE4-5,15,DOE4-5_15,20230512_100840_DOE4-5_no15.csv,50.003,50.006,50.008,-0.014,50
./dataset/DOE_4th/切割訊號/DOE4-5/20230512_100956_DOE4-5_no16.pickle,DOE4-5,16,DOE4-5_16,20230512_100956_DOE4-5_no16.csv,50.004,50.006,50.009,-0.014,50
./dataset/DOE_4th/切割訊號/DOE4-5/20230512_101116_DOE4-5_no17.pickle,DOE4-5,17,DOE4-5_17,20230512_101116_DOE4-5_no17.csv,50.004,50.007,50.01,-0.014,50
./dataset/DOE_4th/切割訊號/DOE4-5/20230512_101237_DOE4-5_no18.pickle,DOE4-5,18,DOE4-5_18,20230512_101237_DOE4-5_no18.csv,50.004,50.005,50.008,-0.014,50
./dataset/DOE_4th/切割訊號/DOE4-5/20230512_101408_DOE4-5_no19.pickle,DOE4-5,19,DOE4-5_19,20230512_101408_DOE4-5_no19.csv,50.005,50.008,50.011,-0.014,50
./dataset/DOE_4th/切割訊號/DOE4-5/20230512_101624_DOE4-5_no20.pickle,DOE4-5,20,DOE4-5_20,20230512_101624_DOE4-5_no20.csv,50.006,50.008,50.01,-0.014,50
./dataset/DOE_4th/切割訊號/DOE4-5/20230512_101747_DOE4-5_no21.pickle,DOE4-5,21,DOE4-5_21,20230512_101747_DOE4-5_no21.csv,50.007,50.009,50.01,-0.014,50
./dataset/DOE_4th/切割訊號/DOE4-5/20230512_101907_DOE4-5_no22.pickle,DOE4-5,22,DOE4-5_22,20230512_101907_DOE4-5_no22.csv,50.007,50.01,50.012,-0.014,50
./dataset/DOE_4th/切割訊號/DOE4-5/20230512_102029_DOE4-5_no23.pickle,DOE4-5,23,DOE4-5_23,20230512_102029_DOE4-5_no23.csv,50.007,50.01,50.011,-0.014,50
./dataset/DOE_4th/切割訊號/DOE4-5/20230512_102151_DOE4-5_no24.pickle,DOE4-5,24,DOE4-5_24,20230512_102151_DOE4-5_no24.csv,50.008,50.009,50.011,-0.014,50
./dataset/DOE_4th/切割訊號/DOE4-5/20230512_102307_DOE4-5_no25.pickle,DOE4-5,25,DOE4-5_25,20230512_102307_DOE4-5_no25.csv,50.007,50.01,50.01,-0.014,50
./dataset/DOE_4th/切割訊號/DOE4-5/20230512_104844_DOE4-5_no26.pickle,DOE4-5,26,DOE4-5_26,20230512_104844_DOE4-5_no26.csv,50.008,50.011,50.014,-0.014,50
./dataset/DOE_4th/切割訊號/DOE4-5/20230512_105013_DOE4-5_no27.pickle,DOE4-5,27,DOE4-5_27,20230512_105013_DOE4-5_no27.csv,50.01,50.011,50.015,-0.014,50
./dataset/DOE_4th/切割訊號/DOE4-5/20230512_105132_DOE4-5_no28.pickle,DOE4-5,28,DOE4-5_28,20230512_105132_DOE4-5_no28.csv,50.01,50.011,50.014,-0.014,50
./dataset/DOE_4th/切割訊號/DOE4-5/20230512_105326_DOE4-5_no29.pickle,DOE4-5,29,DOE4-5_29,20230512_105326_DOE4-5_no29.csv,50.0,50.001,50.003,-0.026,50
./dataset/DOE_4th/切割訊號/DOE4-5/20230512_105459_DOE4-5_no30.pickle,DOE4-5,30,DOE4-5_30,20230512_105459_DOE4-5_no30.csv,49.999,50.002,50.004,-0.026,50
./dataset/DOE_4th/切割訊號/DOE4-5/20230512_105624_DOE4-5_no31.pickle,DOE4-5,31,DOE4-5_31,20230512_105624_DOE4-5_no31.csv,50.0,50.001,50.004,-0.026,50
./dataset/DOE_4th/切割訊號/DOE4-5/20230512_105753_DOE4-5_no32.pickle,DOE4-5,32,DOE4-5_32,20230512_105753_DOE4-5_no32.csv,50.001,50.001,50.003,-0.026,50
./dataset/DOE_4th/切割訊號/DOE4-5/20230512_105911_DOE4-5_no33.pickle,DOE4-5,33,DOE4-5_33,20230512_105911_DOE4-5_no33.csv,50.0,50.001,50.003,-0.026,50
./dataset/DOE_4th/切割訊號/DOE4-5/20230512_110033_DOE4-5_no34.pickle,DOE4-5,34,DOE4-5_34,20230512_110033_DOE4-5_no34.csv,49.999,50.001,50.005,-0.026,50
./dataset/DOE_4th/切割訊號/DOE4-5/20230512_110207_DOE4-5_no35.pickle,DOE4-5,35,DOE4-5_35,20230512_110207_DOE4-5_no35.csv,49.999,50.0,50.005,-0.026,50
./dataset/DOE_4th/切割訊號/DOE4-5/20230512_110338_DOE4-5_no36.pickle,DOE4-5,36,DOE4-5_36,20230512_110338_DOE4-5_no36.csv,50.0,50.001,50.005,-0.026,50
./dataset/DOE_4th/切割訊號/DOE4-5/20230512_110511_DOE4-5_no37.pickle,DOE4-5,37,DOE4-5_37,20230512_110511_DOE4-5_no37.csv,49.999,50.003,50.003,-0.026,50
./dataset/DOE_4th/切割訊號/DOE4-5/20230512_110648_DOE4-5_no38.pickle,DOE4-5,38,DOE4-5_38,20230512_110648_DOE4-5_no38.csv,50.0,50.001,50.003,-0.026,50
./dataset/DOE_4th/切割訊號/DOE4-5/20230512_111642_DOE4-5_no39.pickle,DOE4-5,39,DOE4-5_39,20230512_111642_DOE4-5_no39.csv,50.0,50.0,50.004,-0.026,50
./dataset/DOE_4th/切割訊號/DOE4-5/20230512_111806_DOE4-5_no40.pickle,DOE4-5,40,DOE4-5_40,20230512_111806_DOE4-5_no40.csv,50.0,50.003,50.006,-0.026,50
./dataset/DOE_4th/切割訊號/DOE4-5/20230512_111926_DOE4-5_no41.pickle,DOE4-5,41,DOE4-5_41,20230512_111926_DOE4-5_no41.csv,50.001,50.002,50.003,-0.026,50
./dataset/DOE_4th/切割訊號/DOE4-5/20230512_112044_DOE4-5_no42.pickle,DOE4-5,42,DOE4-5_42,20230512_112044_DOE4-5_no42.csv,50.0,50.003,50.005,-0.026,50
./dataset/DOE_4th/切割訊號/DOE4-5/20230512_112216_DOE4-5_no43.pickle,DOE4-5,43,DOE4-5_43,20230512_112216_DOE4-5_no43.csv,50.001,50.003,50.004,-0.026,50
./dataset/DOE_4th/切割訊號/DOE4-5/20230512_112341_DOE4-5_no44.pickle,DOE4-5,44,DOE4-5_44,20230512_112341_DOE4-5_no44.csv,50.001,50.002,50.006,-0.026,50
./dataset/DOE_4th/切割訊號/DOE4-5/20230512_112506_DOE4-5_no45.pickle,DOE4-5,45,DOE4-5_45,20230512_112506_DOE4-5_no45.csv,50.002,50.004,50.008,-0.026,50
./dataset/DOE_4th/切割訊號/DOE4-5/20230512_112630_DOE4-5_no46.pickle,DOE4-5,46,DOE4-5_46,20230512_112630_DOE4-5_no46.csv,50.003,50.004,50.009,-0.026,50
./dataset/DOE_4th/切割訊號/DOE4-5/20230512_112748_DOE4-5_no47.pickle,DOE4-5,47,DOE4-5_47,20230512_112748_DOE4-5_no47.csv,50.004,50.006,50.01,-0.026,50
./dataset/DOE_4th/切割訊號/DOE4-5/20230512_112912_DOE4-5_no48.pickle,DOE4-5,48,DOE4-5_48,20230512_112912_DOE4-5_no48.csv,50.005,50.006,50.011,-0.026,50
./dataset/DOE_4th/切割訊號/DOE4-5/20230512_113037_DOE4-5_no49.pickle,DOE4-5,49,DOE4-5_49,20230512_113037_DOE4-5_no49.csv,50.005,50.005,50.009,-0.026,50
./dataset/DOE_4th/切割訊號/DOE4-5/20230512_113209_DOE4-5_no50.pickle,DOE4-5,50,DOE4-5_50,20230512_113209_DOE4-5_no50.csv,50.006,50.005,50.01,-0.026,50
./dataset/DOE_4th/切割訊號/DOE4-6/20230710_095130_DOE4-6_no01.pickle,DOE4-6,1,DOE4-6_01,20230710_095130_DOE4-6_no01.csv,38.01,38.013,38.016,-0.026,38
./dataset/DOE_4th/切割訊號/DOE4-6/20230710_095500_DOE4-6_no02.pickle,DOE4-6,2,DOE4-6_02,20230710_095500_DOE4-6_no02.csv,38.0,38.003,38.005,-0.036,38
./dataset/DOE_4th/切割訊號/DOE4-6/20230710_095829_DOE4-6_no03.pickle,DOE4-6,3,DOE4-6_03,20230710_095829_DOE4-6_no03.csv,38.0,38.0,38.003,-0.036,38
./dataset/DOE_4th/切割訊號/DOE4-6/20230710_100021_DOE4-6_no04.pickle,DOE4-6,4,DOE4-6_04,20230710_100021_DOE4-6_no04.csv,37.999,38.002,38.005,-0.036,38
./dataset/DOE_4th/切割訊號/DOE4-6/20230710_100147_DOE4-6_no05.pickle,DOE4-6,5,DOE4-6_05,20230710_100147_DOE4-6_no05.csv,38.0,38.001,38.004,-0.036,38
./dataset/DOE_4th/切割訊號/DOE4-6/20230710_100425_DOE4-6_no06.pickle,DOE4-6,6,DOE4-6_06,20230710_100425_DOE4-6_no06.csv,38.001,38.001,38.003,-0.036,38
./dataset/DOE_4th/切割訊號/DOE4-6/20230710_100557_DOE4-6_no07.pickle,DOE4-6,7,DOE4-6_07,20230710_100557_DOE4-6_no07.csv,38.0,38.001,38.004,-0.036,38
./dataset/DOE_4th/切割訊號/DOE4-6/20230710_100808_DOE4-6_no08.pickle,DOE4-6,8,DOE4-6_08,20230710_100808_DOE4-6_no08.csv,38.002,38.002,38.004,-0.036,38
./dataset/DOE_4th/切割訊號/DOE4-6/20230710_100957_DOE4-6_no09.pickle,DOE4-6,9,DOE4-6_09,20230710_100957_DOE4-6_no09.csv,38.001,38.003,38.006,-0.036,38
./dataset/DOE_4th/切割訊號/DOE4-6/20230710_101138_DOE4-6_no10.pickle,DOE4-6,10,DOE4-6_10,20230710_101138_DOE4-6_no10.csv,38.001,37.999,38.008,-0.036,38
./dataset/DOE_4th/切割訊號/DOE4-6/20230710_101307_DOE4-6_no11.pickle,DOE4-6,11,DOE4-6_11,20230710_101307_DOE4-6_no11.csv,38.002,38.004,38.008,-0.036,38
./dataset/DOE_4th/切割訊號/DOE4-6/20230710_101428_DOE4-6_no12.pickle,DOE4-6,12,DOE4-6_12,20230710_101428_DOE4-6_no12.csv,38.003,38.006,38.008,-0.036,38
./dataset/DOE_4th/切割訊號/DOE4-6/20230710_101548_DOE4-6_no13.pickle,DOE4-6,13,DOE4-6_13,20230710_101548_DOE4-6_no13.csv,38.003,38.005,38.007,-0.036,38
./dataset/DOE_4th/切割訊號/DOE4-6/20230710_101708_DOE4-6_no14.pickle,DOE4-6,14,DOE4-6_14,20230710_101708_DOE4-6_no14.csv,38.003,38.005,38.009,-0.036,38
./dataset/DOE_4th/切割訊號/DOE4-6/20230710_101833_DOE4-6_no15.pickle,DOE4-6,15,DOE4-6_15,20230710_101833_DOE4-6_no15.csv,38.003,38.006,38.009,-0.036,38
./dataset/DOE_4th/切割訊號/DOE4-6/20230710_101954_DOE4-6_no16.pickle,DOE4-6,16,DOE4-6_16,20230710_101954_DOE4-6_no16.csv,38.003,38.007,38.009,-0.036,38
./dataset/DOE_4th/切割訊號/DOE4-6/20230710_102126_DOE4-6_no17.pickle,DOE4-6,17,DOE4-6_17,20230710_102126_DOE4-6_no17.csv,38.004,38.007,38.011,-0.036,38
./dataset/DOE_4th/切割訊號/DOE4-6/20230710_102302_DOE4-6_no18.pickle,DOE4-6,18,DOE4-6_18,20230710_102302_DOE4-6_no18.csv,38.006,38.006,38.01,-0.036,38
./dataset/DOE_4th/切割訊號/DOE4-6/20230710_102438_DOE4-6_no19.pickle,DOE4-6,19,DOE4-6_19,20230710_102438_DOE4-6_no19.csv,38.006,38.008,38.011,-0.036,38
./dataset/DOE_4th/切割訊號/DOE4-6/20230710_102611_DOE4-6_no20.pickle,DOE4-6,20,DOE4-6_20,20230710_102611_DOE4-6_no20.csv,38.006,38.008,38.012,-0.036,38
./dataset/DOE_4th/切割訊號/DOE4-6/20230710_102738_DOE4-6_no21.pickle,DOE4-6,21,DOE4-6_21,20230710_102738_DOE4-6_no21.csv,38.006,38.009,38.011,-0.036,38
./dataset/DOE_4th/切割訊號/DOE4-6/20230710_102918_DOE4-6_no22.pickle,DOE4-6,22,DOE4-6_22,20230710_102918_DOE4-6_no22.csv,38.006,38.008,38.011,-0.036,38
./dataset/DOE_4th/切割訊號/DOE4-6/20230710_103042_DOE4-6_no23.pickle,DOE4-6,23,DOE4-6_23,20230710_103042_DOE4-6_no23.csv,38.007,38.009,38.012,-0.036,38
./dataset/DOE_4th/切割訊號/DOE4-6/20230710_103206_DOE4-6_no24.pickle,DOE4-6,24,DOE4-6_24,20230710_103206_DOE4-6_no24.csv,38.007,38.009,38.013,-0.036,38
./dataset/DOE_4th/切割訊號/DOE4-6/20230710_103409_DOE4-6_no25.pickle,DOE4-6,25,DOE4-6_25,20230710_103409_DOE4-6_no25.csv,38.007,38.008,38.013,-0.036,38
./dataset/DOE_4th/切割訊號/DOE4-6/20230710_103627_DOE4-6_no26.pickle,DOE4-6,26,DOE4-6_26,20230710_103627_DOE4-6_no26.csv,38.008,38.01,38.012,-0.036,38
./dataset/DOE_4th/切割訊號/DOE4-6/20230710_103754_DOE4-6_no27.pickle,DOE4-6,27,DOE4-6_27,20230710_103754_DOE4-6_no27.csv,38.008,38.011,38.013,-0.036,38
./dataset/DOE_4th/切割訊號/DOE4-6/20230710_103910_DOE4-6_no28.pickle,DOE4-6,28,DOE4-6_28,20230710_103910_DOE4-6_no28.csv,38.007,38.01,38.013,-0.036,38
./dataset/DOE_4th/切割訊號/DOE4-6/20230710_104024_DOE4-6_no29.pickle,DOE4-6,29,DOE4-6_29,20230710_104024_DOE4-6_no29.csv,38.008,38.01,38.012,-0.036,38
./dataset/DOE_4th/切割訊號/DOE4-6/20230710_104155_DOE4-6_no30.pickle,DOE4-6,30,DOE4-6_30,20230710_104155_DOE4-6_no30.csv,38.008,38.011,38.014,-0.036,38
./dataset/DOE_4th/切割訊號/DOE4-6/20230710_104333_DOE4-6_no31.pickle,DOE4-6,31,DOE4-6_31,20230710_104333_DOE4-6_no31.csv,38.008,38.011,38.013,-0.036,38
./dataset/DOE_4th/切割訊號/DOE4-6/20230710_104453_DOE4-6_no32.pickle,DOE4-6,32,DOE4-6_32,20230710_104453_DOE4-6_no32.csv,38.007,38.011,38.014,-0.036,38
./dataset/DOE_4th/切割訊號/DOE4-6/20230710_104632_DOE4-6_no33.pickle,DOE4-6,33,DOE4-6_33,20230710_104632_DOE4-6_no33.csv,38.007,38.011,38.014,-0.036,38
./dataset/DOE_4th/切割訊號/DOE4-6/20230710_104754_DOE4-6_no34.pickle,DOE4-6,34,DOE4-6_34,20230710_104754_DOE4-6_no34.csv,38.008,38.011,38.014,-0.036,38
./dataset/DOE_4th/切割訊號/DOE4-6/20230710_104919_DOE4-6_no35.pickle,DOE4-6,35,DOE4-6_35,20230710_104919_DOE4-6_no35.csv,38.008,38.012,38.014,-0.036,38
./dataset/DOE_4th/切割訊號/DOE4-6/20230710_105042_DOE4-6_no36.pickle,DOE4-6,36,DOE4-6_36,20230710_105042_DOE4-6_no36.csv,38.009,38.012,38.014,-0.036,38
./dataset/DOE_4th/切割訊號/DOE4-6/20230710_105203_DOE4-6_no37.pickle,DOE4-6,37,DOE4-6_37,20230710_105203_DOE4-6_no37.csv,38.009,38.012,38.016,-0.036,38
./dataset/DOE_4th/切割訊號/DOE4-6/20230710_105326_DOE4-6_no38.pickle,DOE4-6,38,DOE4-6_38,20230710_105326_DOE4-6_no38.csv,38.009,38.011,38.014,-0.036,38
./dataset/DOE_4th/切割訊號/DOE4-6/20230710_105502_DOE4-6_no39.pickle,DOE4-6,39,DOE4-6_39,20230710_105502_DOE4-6_no39.csv,38.01,38.013,38.016,-0.036,38
./dataset/DOE_4th/切割訊號/DOE4-6/20230710_105637_DOE4-6_no40.pickle,DOE4-6,40,DOE4-6_40,20230710_105637_DOE4-6_no40.csv,38.009,38.012,38.017,-0.036,38
./dataset/DOE_4th/切割訊號/DOE4-6/20230710_105805_DOE4-6_no41.pickle,DOE4-6,41,DOE4-6_41,20230710_105805_DOE4-6_no41.csv,38.01,38.013,38.016,-0.036,38
./dataset/DOE_4th/切割訊號/DOE4-6/20230710_110027_DOE4-6_no42.pickle,DOE4-6,42,DOE4-6_42,20230710_110027_DOE4-6_no42.csv,38.004,38.004,38.007,-0.046,38
./dataset/DOE_4th/切割訊號/DOE4-6/20230710_110212_DOE4-6_no43.pickle,DOE4-6,43,DOE4-6_43,20230710_110212_DOE4-6_no43.csv,38.001,38.003,38.005,-0.046,38
./dataset/DOE_4th/切割訊號/DOE4-6/20230710_110346_DOE4-6_no44.pickle,DOE4-6,44,DOE4-6_44,20230710_110346_DOE4-6_no44.csv,38.001,38.004,38.007,-0.046,38
./dataset/DOE_4th/切割訊號/DOE4-6/20230710_110505_DOE4-6_no45.pickle,DOE4-6,45,DOE4-6_45,20230710_110505_DOE4-6_no45.csv,38.001,38.004,38.007,-0.046,38
./dataset/DOE_4th/切割訊號/DOE4-6/20230710_110630_DOE4-6_no46.pickle,DOE4-6,46,DOE4-6_46,20230710_110630_DOE4-6_no46.csv,38.002,38.004,38.007,-0.046,38
./dataset/DOE_4th/切割訊號/DOE4-6/20230710_110803_DOE4-6_no47.pickle,DOE4-6,47,DOE4-6_47,20230710_110803_DOE4-6_no47.csv,38.002,38.004,38.007,-0.046,38
./dataset/DOE_4th/切割訊號/DOE4-6/20230710_110931_DOE4-6_no48.pickle,DOE4-6,48,DOE4-6_48,20230710_110931_DOE4-6_no48.csv,38.002,38.004,38.008,-0.046,38
./dataset/DOE_4th/切割訊號/DOE4-6/20230710_111055_DOE4-6_no49.pickle,DOE4-6,49,DOE4-6_49,20230710_111055_DOE4-6_no49.csv,38.002,38.006,38.007,-0.046,38
./dataset/DOE_4th/切割訊號/DOE4-6/20230710_111213_DOE4-6_no50.pickle,DOE4-6,50,DOE4-6_50,20230710_111213_DOE4-6_no50.csv,38.002,38.005,38.008,-0.046,38
./dataset/DOE_4th/切割訊號/DOE4-7/20230717_094037_DOE4-7_no01.pickle,DOE4-7,1,DOE4-7_01,20230717_094037_DOE4-7_no01.csv,33.997,33.997,34.001,-0.046,34
./dataset/DOE_4th/切割訊號/DOE4-7/20230717_094510_DOE4-7_no02.pickle,DOE4-7,2,DOE4-7_02,20230717_094510_DOE4-7_no02.csv,33.997,33.996,34.001,-0.046,34
./dataset/DOE_4th/切割訊號/DOE4-7/20230717_094640_DOE4-7_no03.pickle,DOE4-7,3,DOE4-7_03,20230717_094640_DOE4-7_no03.csv,33.995,33.996,34.0,-0.046,34
./dataset/DOE_4th/切割訊號/DOE4-7/20230717_094814_DOE4-7_no04.pickle,DOE4-7,4,DOE4-7_04,20230717_094814_DOE4-7_no04.csv,33.995,33.997,34.0,-0.046,34
./dataset/DOE_4th/切割訊號/DOE4-7/20230717_094929_DOE4-7_no05.pickle,DOE4-7,5,DOE4-7_05,20230717_094929_DOE4-7_no05.csv,33.995,33.997,34.0,-0.046,34
./dataset/DOE_4th/切割訊號/DOE4-7/20230717_095050_DOE4-7_no06.pickle,DOE4-7,6,DOE4-7_06,20230717_095050_DOE4-7_no06.csv,33.996,33.996,33.999,-0.046,34
./dataset/DOE_4th/切割訊號/DOE4-7/20230717_095232_DOE4-7_no07.pickle,DOE4-7,7,DOE4-7_07,20230717_095232_DOE4-7_no07.csv,33.996,33.997,34.0,-0.046,34
./dataset/DOE_4th/切割訊號/DOE4-7/20230717_095348_DOE4-7_no08.pickle,DOE4-7,8,DOE4-7_08,20230717_095348_DOE4-7_no08.csv,33.996,33.999,34.0,-0.046,34
./dataset/DOE_4th/切割訊號/DOE4-7/20230717_095506_DOE4-7_no09.pickle,DOE4-7,9,DOE4-7_09,20230717_095506_DOE4-7_no09.csv,33.994,33.997,34.002,-0.046,34
./dataset/DOE_4th/切割訊號/DOE4-7/20230717_095624_DOE4-7_no10.pickle,DOE4-7,10,DOE4-7_10,20230717_095624_DOE4-7_no10.csv,33.995,33.995,34.0,-0.046,34
./dataset/DOE_4th/切割訊號/DOE4-7/20230717_095754_DOE4-7_no11.pickle,DOE4-7,11,DOE4-7_11,20230717_095754_DOE4-7_no11.csv,33.997,33.998,34.002,-0.046,34
./dataset/DOE_4th/切割訊號/DOE4-7/20230717_095919_DOE4-7_no12.pickle,DOE4-7,12,DOE4-7_12,20230717_095919_DOE4-7_no12.csv,33.997,33.997,34.001,-0.046,34
./dataset/DOE_4th/切割訊號/DOE4-7/20230717_100145_DOE4-7_no13.pickle,DOE4-7,13,DOE4-7_13,20230717_100145_DOE4-7_no13.csv,33.997,33.996,34.001,-0.046,34
./dataset/DOE_4th/切割訊號/DOE4-7/20230717_100307_DOE4-7_no14.pickle,DOE4-7,14,DOE4-7_14,20230717_100307_DOE4-7_no14.csv,33.998,33.999,34.001,-0.046,34
./dataset/DOE_4th/切割訊號/DOE4-7/20230717_100442_DOE4-7_no15.pickle,DOE4-7,15,DOE4-7_15,20230717_100442_DOE4-7_no15.csv,33.998,33.999,34.0,-0.046,34
./dataset/DOE_4th/切割訊號/DOE4-7/20230717_100602_DOE4-7_no16.pickle,DOE4-7,16,DOE4-7_16,20230717_100602_DOE4-7_no16.csv,33.996,33.999,34.0,-0.046,34
./dataset/DOE_4th/切割訊號/DOE4-7/20230717_100718_DOE4-7_no17.pickle,DOE4-7,17,DOE4-7_17,20230717_100718_DOE4-7_no17.csv,33.996,33.997,34.003,-0.046,34
./dataset/DOE_4th/切割訊號/DOE4-7/20230717_100832_DOE4-7_no18.pickle,DOE4-7,18,DOE4-7_18,20230717_100832_DOE4-7_no18.csv,33.997,33.999,34.002,-0.046,34
./dataset/DOE_4th/切割訊號/DOE4-7/20230717_100953_DOE4-7_no19.pickle,DOE4-7,19,DOE4-7_19,20230717_100953_DOE4-7_no19.csv,34.0,33.999,34.003,-0.046,34
./dataset/DOE_4th/切割訊號/DOE4-7/20230717_101119_DOE4-7_no20.pickle,DOE4-7,20,DOE4-7_20,20230717_101119_DOE4-7_no20.csv,33.997,34.0,34.003,-0.046,34
./dataset/DOE_4th/切割訊號/DOE4-7/20230717_101243_DOE4-7_no21.pickle,DOE4-7,21,DOE4-7_21,20230717_101243_DOE4-7_no21.csv,33.999,34.0,34.004,-0.046,34
./dataset/DOE_4th/切割訊號/DOE4-7/20230717_101359_DOE4-7_no22.pickle,DOE4-7,22,DOE4-7_22,20230717_101359_DOE4-7_no22.csv,34.0,34.001,34.005,-0.046,34
./dataset/DOE_4th/切割訊號/DOE4-7/20230717_101512_DOE4-7_no23.pickle,DOE4-7,23,DOE4-7_23,20230717_101512_DOE4-7_no23.csv,34.0,34.001,34.003,-0.046,34
./dataset/DOE_4th/切割訊號/DOE4-7/20230717_101630_DOE4-7_no24.pickle,DOE4-7,24,DOE4-7_24,20230717_101630_DOE4-7_no24.csv,33.999,34.002,34.005,-0.046,34
./dataset/DOE_4th/切割訊號/DOE4-7/20230717_101756_DOE4-7_no25.pickle,DOE4-7,25,DOE4-7_25,20230717_101756_DOE4-7_no25.csv,34.001,34.001,34.002,-0.046,34
./dataset/DOE_4th/切割訊號/DOE4-7/20230717_102107_DOE4-7_no26.pickle,DOE4-7,26,DOE4-7_26,20230717_102107_DOE4-7_no26.csv,34.0,34.0,34.006,-0.046,34
./dataset/DOE_4th/切割訊號/DOE4-7/20230717_102215_DOE4-7_no27.pickle,DOE4-7,27,DOE4-7_27,20230717_102215_DOE4-7_no27.csv,33.999,34.002,34.005,-0.046,34
./dataset/DOE_4th/切割訊號/DOE4-7/20230717_102336_DOE4-7_no28.pickle,DOE4-7,28,DOE4-7_28,20230717_102336_DOE4-7_no28.csv,34.001,34.002,34.004,-0.046,34
./dataset/DOE_4th/切割訊號/DOE4-7/20230717_102453_DOE4-7_no29.pickle,DOE4-7,29,DOE4-7_29,20230717_102453_DOE4-7_no29.csv,34.003,34.001,34.006,-0.046,34
./dataset/DOE_4th/切割訊號/DOE4-7/20230717_102653_DOE4-7_no30.pickle,DOE4-7,30,DOE4-7_30,20230717_102653_DOE4-7_no30.csv,34.003,34.005,34.007,-0.046,34
./dataset/DOE_4th/切割訊號/DOE4-7/20230717_102810_DOE4-7_no31.pickle,DOE4-7,31,DOE4-7_31,20230717_102810_DOE4-7_no31.csv,34.002,34.003,34.009,-0.046,34
./dataset/DOE_4th/切割訊號/DOE4-7/20230717_102937_DOE4-7_no32.pickle,DOE4-7,32,DOE4-7_32,20230717_102937_DOE4-7_no32.csv,34.004,34.006,34.009,-0.046,34
./dataset/DOE_4th/切割訊號/DOE4-7/20230717_103046_DOE4-7_no33.pickle,DOE4-7,33,DOE4-7_33,20230717_103046_DOE4-7_no33.csv,34.004,34.006,34.008,-0.046,34
./dataset/DOE_4th/切割訊號/DOE4-7/20230717_103201_DOE4-7_no34.pickle,DOE4-7,34,DOE4-7_34,20230717_103201_DOE4-7_no34.csv,34.004,34.005,34.008,-0.046,34
./dataset/DOE_4th/切割訊號/DOE4-7/20230717_103325_DOE4-7_no35.pickle,DOE4-7,35,DOE4-7_35,20230717_103325_DOE4-7_no35.csv,34.004,34.005,34.007,-0.046,34
./dataset/DOE_4th/切割訊號/DOE4-7/20230717_103450_DOE4-7_no36.pickle,DOE4-7,36,DOE4-7_36,20230717_103450_DOE4-7_no36.csv,34.005,34.007,34.008,-0.046,34
./dataset/DOE_4th/切割訊號/DOE4-7/20230717_103612_DOE4-7_no37.pickle,DOE4-7,37,DOE4-7_37,20230717_103612_DOE4-7_no37.csv,34.004,34.007,34.006,-0.046,34
./dataset/DOE_4th/切割訊號/DOE4-7/20230717_103726_DOE4-7_no38.pickle,DOE4-7,38,DOE4-7_38,20230717_103726_DOE4-7_no38.csv,34.005,34.006,34.01,-0.046,34
./dataset/DOE_4th/切割訊號/DOE4-7/20230717_103841_DOE4-7_no39.pickle,DOE4-7,39,DOE4-7_39,20230717_103841_DOE4-7_no39.csv,34.004,34.008,34.01,-0.046,34
./dataset/DOE_4th/切割訊號/DOE4-7/20230717_103954_DOE4-7_no40.pickle,DOE4-7,40,DOE4-7_40,20230717_103954_DOE4-7_no40.csv,34.005,34.008,34.012,-0.046,34
./dataset/DOE_4th/切割訊號/DOE4-7/20230717_104109_DOE4-7_no41.pickle,DOE4-7,41,DOE4-7_41,20230717_104109_DOE4-7_no41.csv,34.005,34.008,34.01,-0.046,34
./dataset/DOE_4th/切割訊號/DOE4-7/20230717_104227_DOE4-7_no42.pickle,DOE4-7,42,DOE4-7_42,20230717_104227_DOE4-7_no42.csv,34.005,34.006,34.011,-0.046,34
./dataset/DOE_4th/切割訊號/DOE4-7/20230717_104342_DOE4-7_no43.pickle,DOE4-7,43,DOE4-7_43,20230717_104342_DOE4-7_no43.csv,34.006,34.008,34.009,-0.046,34
./dataset/DOE_4th/切割訊號/DOE4-7/20230717_104553_DOE4-7_no44.pickle,DOE4-7,44,DOE4-7_44,20230717_104553_DOE4-7_no44.csv,34.007,34.008,34.012,-0.046,34
./dataset/DOE_4th/切割訊號/DOE4-7/20230717_104731_DOE4-7_no45.pickle,DOE4-7,45,DOE4-7_45,20230717_104731_DOE4-7_no45.csv,34.007,34.008,34.013,-0.046,34
./dataset/DOE_4th/切割訊號/DOE4-7/20230717_104852_DOE4-7_no46.pickle,DOE4-7,46,DOE4-7_46,20230717_104852_DOE4-7_no46.csv,34.01,34.009,34.012,-0.046,34
./dataset/DOE_4th/切割訊號/DOE4-7/20230717_104959_DOE4-7_no47.pickle,DOE4-7,47,DOE4-7_47,20230717_104959_DOE4-7_no47.csv,34.007,34.011,34.012,-0.046,34
./dataset/DOE_4th/切割訊號/DOE4-7/20230717_105122_DOE4-7_no48.pickle,DOE4-7,48,DOE4-7_48,20230717_105122_DOE4-7_no48.csv,34.011,34.01,34.013,-0.046,34
./dataset/DOE_4th/切割訊號/DOE4-7/20230717_105235_DOE4-7_no49.pickle,DOE4-7,49,DOE4-7_49,20230717_105235_DOE4-7_no49.csv,34.01,34.011,34.014,-0.046,34
./dataset/DOE_4th/切割訊號/DOE4-7/20230717_105345_DOE4-7_no50.pickle,DOE4-7,50,DOE4-7_50,20230717_105345_DOE4-7_no50.csv,34.012,34.01,34.015,-0.046,34
./dataset/DOE_4th/切割訊號/DOE4-8/20230810_094817_DOE4-8_no01.pickle,DOE4-8,1,DOE4-8_01,20230810_094817_DOE4-8_no01.csv,30.013,30.013,30.017,-0.046,30
./dataset/DOE_4th/切割訊號/DOE4-8/20230810_095221_DOE4-8_no02.pickle,DOE4-8,2,DOE4-8_02,20230810_095221_DOE4-8_no02.csv,29.999,29.998,30.001,-0.062,30
./dataset/DOE_4th/切割訊號/DOE4-8/20230810_095435_DOE4-8_no03.pickle,DOE4-8,3,DOE4-8_03,20230810_095435_DOE4-8_no03.csv,29.998,29.999,30.002,-0.062,30
./dataset/DOE_4th/切割訊號/DOE4-8/20230810_095618_DOE4-8_no04.pickle,DOE4-8,4,DOE4-8_04,20230810_095618_DOE4-8_no04.csv,29.998,29.999,30.003,-0.062,30
./dataset/DOE_4th/切割訊號/DOE4-8/20230810_095750_DOE4-8_no05.pickle,DOE4-8,5,DOE4-8_05,20230810_095750_DOE4-8_no05.csv,29.998,30.0,30.001,-0.062,30
./dataset/DOE_4th/切割訊號/DOE4-8/20230810_100028_DOE4-8_no06.pickle,DOE4-8,6,DOE4-8_06,20230810_100028_DOE4-8_no06.csv,29.997,29.998,30.003,-0.062,30
./dataset/DOE_4th/切割訊號/DOE4-8/20230810_100219_DOE4-8_no07.pickle,DOE4-8,7,DOE4-8_07,20230810_100219_DOE4-8_no07.csv,29.999,30.001,30.002,-0.062,30
./dataset/DOE_4th/切割訊號/DOE4-8/20230810_100347_DOE4-8_no08.pickle,DOE4-8,8,DOE4-8_08,20230810_100347_DOE4-8_no08.csv,29.999,29.999,30.002,-0.062,30
./dataset/DOE_4th/切割訊號/DOE4-8/20230810_100546_DOE4-8_no09.pickle,DOE4-8,9,DOE4-8_09,20230810_100546_DOE4-8_no09.csv,30.002,29.999,30.002,-0.062,30
./dataset/DOE_4th/切割訊號/DOE4-8/20230810_100737_DOE4-8_no10.pickle,DOE4-8,10,DOE4-8_10,20230810_100737_DOE4-8_no10.csv,30.002,30.0,30.003,-0.062,30
./dataset/DOE_4th/切割訊號/DOE4-8/20230810_100858_DOE4-8_no11.pickle,DOE4-8,11,DOE4-8_11,20230810_100858_DOE4-8_no11.csv,30.0,30.001,30.005,-0.062,30
./dataset/DOE_4th/切割訊號/DOE4-8/20230810_101016_DOE4-8_no12.pickle,DOE4-8,12,DOE4-8_12,20230810_101016_DOE4-8_no12.csv,30.001,30.001,30.003,-0.062,30
./dataset/DOE_4th/切割訊號/DOE4-8/20230810_101134_DOE4-8_no13.pickle,DOE4-8,13,DOE4-8_13,20230810_101134_DOE4-8_no13.csv,30.001,30.002,30.005,-0.062,30
./dataset/DOE_4th/切割訊號/DOE4-8/20230810_101306_DOE4-8_no14.pickle,DOE4-8,14,DOE4-8_14,20230810_101306_DOE4-8_no14.csv,30.001,30.002,30.005,-0.062,30
./dataset/DOE_4th/切割訊號/DOE4-8/20230810_101511_DOE4-8_no15.pickle,DOE4-8,15,DOE4-8_15,20230810_101511_DOE4-8_no15.csv,30.001,30.0,30.003,-0.062,30
./dataset/DOE_4th/切割訊號/DOE4-8/20230810_101633_DOE4-8_no16.pickle,DOE4-8,16,DOE4-8_16,20230810_101633_DOE4-8_no16.csv,30.002,30.001,30.006,-0.062,30
./dataset/DOE_4th/切割訊號/DOE4-8/20230810_101815_DOE4-8_no17.pickle,DOE4-8,17,DOE4-8_17,20230810_101815_DOE4-8_no17.csv,30.002,30.002,30.005,-0.062,30
./dataset/DOE_4th/切割訊號/DOE4-8/20230810_101947_DOE4-8_no18.pickle,DOE4-8,18,DOE4-8_18,20230810_101947_DOE4-8_no18.csv,30.004,30.004,30.006,-0.062,30
./dataset/DOE_4th/切割訊號/DOE4-8/20230810_102109_DOE4-8_no19.pickle,DOE4-8,19,DOE4-8_19,20230810_102109_DOE4-8_no19.csv,30.004,30.004,30.007,-0.062,30
./dataset/DOE_4th/切割訊號/DOE4-8/20230810_102230_DOE4-8_no20.pickle,DOE4-8,20,DOE4-8_20,20230810_102230_DOE4-8_no20.csv,30.006,30.004,30.007,-0.062,30
./dataset/DOE_4th/切割訊號/DOE4-8/20230810_102408_DOE4-8_no21.pickle,DOE4-8,21,DOE4-8_21,20230810_102408_DOE4-8_no21.csv,30.005,30.004,30.007,-0.062,30
./dataset/DOE_4th/切割訊號/DOE4-8/20230810_102530_DOE4-8_no22.pickle,DOE4-8,22,DOE4-8_22,20230810_102530_DOE4-8_no22.csv,30.004,30.004,30.008,-0.062,30
./dataset/DOE_4th/切割訊號/DOE4-8/20230810_102645_DOE4-8_no23.pickle,DOE4-8,23,DOE4-8_23,20230810_102645_DOE4-8_no23.csv,30.004,30.005,30.008,-0.062,30
./dataset/DOE_4th/切割訊號/DOE4-8/20230810_102804_DOE4-8_no24.pickle,DOE4-8,24,DOE4-8_24,20230810_102804_DOE4-8_no24.csv,30.004,30.006,30.007,-0.062,30
./dataset/DOE_4th/切割訊號/DOE4-8/20230810_102943_DOE4-8_no25.pickle,DOE4-8,25,DOE4-8_25,20230810_102943_DOE4-8_no25.csv,30.003,30.004,30.007,-0.062,30
./dataset/DOE_4th/切割訊號/DOE4-8/20230810_103133_DOE4-8_no26.pickle,DOE4-8,26,DOE4-8_26,20230810_103133_DOE4-8_no26.csv,30.005,30.005,30.007,-0.062,30
./dataset/DOE_4th/切割訊號/DOE4-8/20230810_103252_DOE4-8_no27.pickle,DOE4-8,27,DOE4-8_27,20230810_103252_DOE4-8_no27.csv,30.003,30.005,30.007,-0.062,30
./dataset/DOE_4th/切割訊號/DOE4-8/20230810_103410_DOE4-8_no28.pickle,DOE4-8,28,DOE4-8_28,20230810_103410_DOE4-8_no28.csv,30.006,30.005,30.006,-0.062,30
./dataset/DOE_4th/切割訊號/DOE4-8/20230810_103537_DOE4-8_no29.pickle,DOE4-8,29,DOE4-8_29,20230810_103537_DOE4-8_no29.csv,30.003,30.004,30.005,-0.062,30
./dataset/DOE_4th/切割訊號/DOE4-8/20230810_103704_DOE4-8_no30.pickle,DOE4-8,30,DOE4-8_30,20230810_103704_DOE4-8_no30.csv,30.005,30.003,30.006,-0.062,30
./dataset/DOE_4th/切割訊號/DOE4-8/20230810_104238_DOE4-8_no31.pickle,DOE4-8,31,DOE4-8_31,20230810_104238_DOE4-8_no31.csv,30.004,30.003,30.006,-0.062,30
./dataset/DOE_4th/切割訊號/DOE4-8/20230810_104406_DOE4-8_no32.pickle,DOE4-8,32,DOE4-8_32,20230810_104406_DOE4-8_no32.csv,30.004,30.003,30.005,-0.062,30
./dataset/DOE_4th/切割訊號/DOE4-8/20230810_104530_DOE4-8_no33.pickle,DOE4-8,33,DOE4-8_33,20230810_104530_DOE4-8_no33.csv,30.004,30.005,30.006,-0.062,30
./dataset/DOE_4th/切割訊號/DOE4-8/20230810_104705_DOE4-8_no34.pickle,DOE4-8,34,DOE4-8_34,20230810_104705_DOE4-8_no34.csv,30.005,30.004,30.007,-0.062,30
./dataset/DOE_4th/切割訊號/DOE4-8/20230810_104929_DOE4-8_no35.pickle,DOE4-8,35,DOE4-8_35,20230810_104929_DOE4-8_no35.csv,30.005,30.006,30.007,-0.062,30
./dataset/DOE_4th/切割訊號/DOE4-8/20230810_105049_DOE4-8_no36.pickle,DOE4-8,36,DOE4-8_36,20230810_105049_DOE4-8_no36.csv,30.005,30.005,30.007,-0.062,30
./dataset/DOE_4th/切割訊號/DOE4-8/20230810_105432_DOE4-8_no37.pickle,DOE4-8,37,DOE4-8_37,20230810_105432_DOE4-8_no37.csv,30.006,30.006,30.007,-0.062,30
./dataset/DOE_4th/切割訊號/DOE4-8/20230810_105611_DOE4-8_no38.pickle,DOE4-8,38,DOE4-8_38,20230810_105611_DOE4-8_no38.csv,30.005,30.006,30.008,-0.062,30
./dataset/DOE_4th/切割訊號/DOE4-8/20230810_105738_DOE4-8_no39.pickle,DOE4-8,39,DOE4-8_39,20230810_105738_DOE4-8_no39.csv,30.005,30.006,30.008,-0.062,30
./dataset/DOE_4th/切割訊號/DOE4-8/20230810_105959_DOE4-8_no40.pickle,DOE4-8,40,DOE4-8_40,20230810_105959_DOE4-8_no40.csv,30.006,30.005,30.009,-0.062,30
./dataset/DOE_4th/切割訊號/DOE4-8/20230810_110148_DOE4-8_no41.pickle,DOE4-8,41,DOE4-8_41,20230810_110148_DOE4-8_no41.csv,30.005,30.003,30.007,-0.062,30
./dataset/DOE_4th/切割訊號/DOE4-8/20230810_110315_DOE4-8_no42.pickle,DOE4-8,42,DOE4-8_42,20230810_110315_DOE4-8_no42.csv,30.006,30.005,30.007,-0.062,30
./dataset/DOE_4th/切割訊號/DOE4-8/20230810_110448_DOE4-8_no43.pickle,DOE4-8,43,DOE4-8_43,20230810_110448_DOE4-8_no43.csv,30.008,30.005,30.006,-0.062,30
./dataset/DOE_4th/切割訊號/DOE4-8/20230810_110617_DOE4-8_no44.pickle,DOE4-8,44,DOE4-8_44,20230810_110617_DOE4-8_no44.csv,30.006,30.006,30.008,-0.062,30
./dataset/DOE_4th/切割訊號/DOE4-8/20230810_110754_DOE4-8_no45.pickle,DOE4-8,45,DOE4-8_45,20230810_110754_DOE4-8_no45.csv,30.008,30.006,30.008,-0.062,30
./dataset/DOE_4th/切割訊號/DOE4-8/20230810_110921_DOE4-8_no46.pickle,DOE4-8,46,DOE4-8_46,20230810_110921_DOE4-8_no46.csv,30.006,30.007,30.008,-0.062,30
./dataset/DOE_4th/切割訊號/DOE4-8/20230810_111037_DOE4-8_no47.pickle,DOE4-8,47,DOE4-8_47,20230810_111037_DOE4-8_no47.csv,30.006,30.006,30.009,-0.062,30
./dataset/DOE_4th/切割訊號/DOE4-8/20230810_111158_DOE4-8_no48.pickle,DOE4-8,48,DOE4-8_48,20230810_111158_DOE4-8_no48.csv,30.005,30.007,30.011,-0.062,30
./dataset/DOE_4th/切割訊號/DOE4-8/20230810_111509_DOE4-8_no50.pickle,DOE4-8,50,DOE4-8_50,20230810_111509_DOE4-8_no50.csv,30.008,30.009,30.011,-0.062,30
./dataset/DOE_4th/切割訊號/DOE4-B/20230518_092406_DOE4-B_no01.pickle,DOE4-B,1,DOE4-B_01,20230518_092406_DOE4-B_no01.csv,45.988,45.99,45.992,0.0,46
./dataset/DOE_4th/切割訊號/DOE4-B/20230518_092851_DOE4-B_no02.pickle,DOE4-B,2,DOE4-B_02,20230518_092851_DOE4-B_no02.csv,45.998,46.0,46.001,0.012,46
./dataset/DOE_4th/切割訊號/DOE4-B/20230518_093044_DOE4-B_no03.pickle,DOE4-B,3,DOE4-B_03,20230518_093044_DOE4-B_no03.csv,45.998,46.0,46.001,0.012,46
./dataset/DOE_4th/切割訊號/DOE4-B/20230518_093219_DOE4-B_no04.pickle,DOE4-B,4,DOE4-B_04,20230518_093219_DOE4-B_no04.csv,45.999,45.999,46.002,0.012,46
./dataset/DOE_4th/切割訊號/DOE4-B/20230518_093354_DOE4-B_no05.pickle,DOE4-B,5,DOE4-B_05,20230518_093354_DOE4-B_no05.csv,45.999,45.999,46.002,0.012,46
./dataset/DOE_4th/切割訊號/DOE4-B/20230518_093525_DOE4-B_no06.pickle,DOE4-B,6,DOE4-B_06,20230518_093525_DOE4-B_no06.csv,45.998,45.999,46.002,0.012,46
./dataset/DOE_4th/切割訊號/DOE4-B/20230518_093641_DOE4-B_no07.pickle,DOE4-B,7,DOE4-B_07,20230518_093641_DOE4-B_no07.csv,45.998,46.0,46.001,0.012,46
./dataset/DOE_4th/切割訊號/DOE4-B/20230518_093801_DOE4-B_no08.pickle,DOE4-B,8,DOE4-B_08,20230518_093801_DOE4-B_no08.csv,45.999,45.999,46.001,0.012,46
./dataset/DOE_4th/切割訊號/DOE4-B/20230518_094030_DOE4-B_no09.pickle,DOE4-B,9,DOE4-B_09,20230518_094030_DOE4-B_no09.csv,45.998,46.0,46.003,0.012,46
./dataset/DOE_4th/切割訊號/DOE4-B/20230518_094226_DOE4-B_no10.pickle,DOE4-B,10,DOE4-B_10,20230518_094226_DOE4-B_no10.csv,45.998,46.0,46.002,0.012,46
./dataset/DOE_4th/切割訊號/DOE4-B/20230518_094358_DOE4-B_no11.pickle,DOE4-B,11,DOE4-B_11,20230518_094358_DOE4-B_no11.csv,45.999,46.001,46.002,0.012,46
./dataset/DOE_4th/切割訊號/DOE4-B/20230518_094516_DOE4-B_no12.pickle,DOE4-B,12,DOE4-B_12,20230518_094516_DOE4-B_no12.csv,46.0,46.001,46.002,0.012,46
./dataset/DOE_4th/切割訊號/DOE4-B/20230518_094637_DOE4-B_no13.pickle,DOE4-B,13,DOE4-B_13,20230518_094637_DOE4-B_no13.csv,45.999,46.002,46.003,0.012,46
./dataset/DOE_4th/切割訊號/DOE4-B/20230518_094801_DOE4-B_no14.pickle,DOE4-B,14,DOE4-B_14,20230518_094801_DOE4-B_no14.csv,45.999,46.001,46.002,0.012,46
./dataset/DOE_4th/切割訊號/DOE4-B/20230518_094927_DOE4-B_no15.pickle,DOE4-B,15,DOE4-B_15,20230518_094927_DOE4-B_no15.csv,45.998,46.0,46.003,0.012,46
./dataset/DOE_4th/切割訊號/DOE4-B/20230518_095044_DOE4-B_no16.pickle,DOE4-B,16,DOE4-B_16,20230518_095044_DOE4-B_no16.csv,45.999,46.001,46.003,0.012,46
./dataset/DOE_4th/切割訊號/DOE4-B/20230518_095156_DOE4-B_no17.pickle,DOE4-B,17,DOE4-B_17,20230518_095156_DOE4-B_no17.csv,45.999,46.002,46.002,0.012,46
./dataset/DOE_4th/切割訊號/DOE4-B/20230518_095318_DOE4-B_no18.pickle,DOE4-B,18,DOE4-B_18,20230518_095318_DOE4-B_no18.csv,46.0,46.001,46.003,0.012,46
./dataset/DOE_4th/切割訊號/DOE4-B/20230518_095442_DOE4-B_no19.pickle,DOE4-B,19,DOE4-B_19,20230518_095442_DOE4-B_no19.csv,46.0,46.002,46.006,0.012,46
./dataset/DOE_4th/切割訊號/DOE4-B/20230518_100145_DOE4-B_no20.pickle,DOE4-B,20,DOE4-B_20,20230518_100145_DOE4-B_no20.csv,45.999,46.001,46.005,0.012,46
./dataset/DOE_4th/切割訊號/DOE4-B/20230518_100308_DOE4-B_no21.pickle,DOE4-B,21,DOE4-B_21,20230518_100308_DOE4-B_no21.csv,46.0,46.002,46.004,0.012,46
./dataset/DOE_4th/切割訊號/DOE4-B/20230518_100516_DOE4-B_no22.pickle,DOE4-B,22,DOE4-B_22,20230518_100516_DOE4-B_no22.csv,45.999,46.001,46.004,0.012,46
./dataset/DOE_4th/切割訊號/DOE4-B/20230518_100640_DOE4-B_no23.pickle,DOE4-B,23,DOE4-B_23,20230518_100640_DOE4-B_no23.csv,46.0,46.002,46.005,0.012,46
./dataset/DOE_4th/切割訊號/DOE4-B/20230518_100755_DOE4-B_no24.pickle,DOE4-B,24,DOE4-B_24,20230518_100755_DOE4-B_no24.csv,46.001,46.003,46.004,0.012,46
./dataset/DOE_4th/切割訊號/DOE4-B/20230518_100928_DOE4-B_no25.pickle,DOE4-B,25,DOE4-B_25,20230518_100928_DOE4-B_no25.csv,46.0,46.002,46.005,0.012,46
./dataset/DOE_4th/切割訊號/DOE4-B/20230518_101154_DOE4-B_no26.pickle,DOE4-B,26,DOE4-B_26,20230518_101154_DOE4-B_no26.csv,46.001,46.003,46.006,0.012,46
./dataset/DOE_4th/切割訊號/DOE4-B/20230518_101349_DOE4-B_no27.pickle,DOE4-B,27,DOE4-B_27,20230518_101349_DOE4-B_no27.csv,46.002,46.003,46.003,0.012,46
./dataset/DOE_4th/切割訊號/DOE4-B/20230518_101516_DOE4-B_no28.pickle,DOE4-B,28,DOE4-B_28,20230518_101516_DOE4-B_no28.csv,46.002,46.003,46.004,0.012,46
./dataset/DOE_4th/切割訊號/DOE4-B/20230518_101645_DOE4-B_no29.pickle,DOE4-B,29,DOE4-B_29,20230518_101645_DOE4-B_no29.csv,46.001,46.003,46.003,0.012,46
./dataset/DOE_4th/切割訊號/DOE4-B/20230518_101840_DOE4-B_no30.pickle,DOE4-B,30,DOE4-B_30,20230518_101840_DOE4-B_no30.csv,46.002,46.004,46.004,0.012,46
./dataset/DOE_4th/切割訊號/DOE4-B/20230518_102001_DOE4-B_no31.pickle,DOE4-B,31,DOE4-B_31,20230518_102001_DOE4-B_no31.csv,46.003,46.004,46.006,0.012,46
./dataset/DOE_4th/切割訊號/DOE4-B/20230518_102119_DOE4-B_no32.pickle,DOE4-B,32,DOE4-B_32,20230518_102119_DOE4-B_no32.csv,46.004,46.005,46.005,0.012,46
./dataset/DOE_4th/切割訊號/DOE4-B/20230518_102245_DOE4-B_no33.pickle,DOE4-B,33,DOE4-B_33,20230518_102245_DOE4-B_no33.csv,46.003,46.004,46.007,0.012,46
./dataset/DOE_4th/切割訊號/DOE4-B/20230518_102405_DOE4-B_no34.pickle,DOE4-B,34,DOE4-B_34,20230518_102405_DOE4-B_no34.csv,46.003,46.006,46.009,0.012,46
./dataset/DOE_4th/切割訊號/DOE4-B/20230518_102524_DOE4-B_no35.pickle,DOE4-B,35,DOE4-B_35,20230518_102524_DOE4-B_no35.csv,46.004,46.005,46.007,0.012,46
./dataset/DOE_4th/切割訊號/DOE4-B/20230518_102702_DOE4-B_no36.pickle,DOE4-B,36,DOE4-B_36,20230518_102702_DOE4-B_no36.csv,46.005,46.007,46.009,0.012,46
./dataset/DOE_4th/切割訊號/DOE4-B/20230518_102834_DOE4-B_no37.pickle,DOE4-B,37,DOE4-B_37,20230518_102834_DOE4-B_no37.csv,46.003,46.005,46.008,0.012,46
./dataset/DOE_4th/切割訊號/DOE4-B/20230518_102950_DOE4-B_no38.pickle,DOE4-B,38,DOE4-B_38,20230518_102950_DOE4-B_no38.csv,46.005,46.007,46.007,0.012,46
./dataset/DOE_4th/切割訊號/DOE4-B/20230518_103129_DOE4-B_no39.pickle,DOE4-B,39,DOE4-B_39,20230518_103129_DOE4-B_no39.csv,46.003,46.007,46.007,0.012,46
./dataset/DOE_4th/切割訊號/DOE4-B/20230518_103306_DOE4-B_no40.pickle,DOE4-B,40,DOE4-B_40,20230518_103306_DOE4-B_no40.csv,46.002,46.008,46.007,0.012,46
./dataset/DOE_4th/切割訊號/DOE4-B/20230522_142704_DOE4-B_no41.pickle,DOE4-B,41,DOE4-B_41,20230522_142704_DOE4-B_no41.csv,46.044,46.045,46.047,0.0,46
./dataset/DOE_4th/切割訊號/DOE4-B/20230522_142925_DOE4-B_no42.pickle,DOE4-B,42,DOE4-B_42,20230522_142925_DOE4-B_no42.csv,46.042,46.046,46.046,0.0,46
./dataset/DOE_4th/切割訊號/DOE4-B/20230529_144402_DOE4-B_no43.pickle,DOE4-B,43,DOE4-B_43,20230529_144402_DOE4-B_no43.csv,46.025,46.025,46.026,0.0,46
./dataset/DOE_4th/切割訊號/DOE4-B/20230529_145258_DOE4-B_no44.pickle,DOE4-B,44,DOE4-B_44,20230529_145258_DOE4-B_no44.csv,46.0,46.0,46.002,-0.025,46
./dataset/DOE_4th/切割訊號/DOE4-B/20230607_142802_DOE4-B_no45.pickle,DOE4-B,45,DOE4-B_45,20230607_142802_DOE4-B_no45.csv,45.997,45.999,46.001,-0.025,46
./dataset/DOE_4th/切割訊號/DOE4-B/20230627_093116_DOE4-B_no49.pickle,DOE4-B,49,DOE4-B_49,20230627_093116_DOE4-B_no49.csv,46.016,46.017,46.018,-0.025,46
./dataset/DOE_4th/切割訊號/DOE4-B/20230627_094214_DOE4-B_no50.pickle,DOE4-B,50,DOE4-B_50,20230627_094214_DOE4-B_no50.csv,45.999,46.001,46.001,-0.041,46
./dataset/DOE_4th/切割訊號/DOE4-B/20230627_094429_DOE4-B_no51.pickle,DOE4-B,51,DOE4-B_51,20230627_094429_DOE4-B_no51.csv,41.997,41.997,41.998,-0.041,42
./dataset/DOE_4th/切割訊號/DOE4-B/20230627_094605_DOE4-B_no52.pickle,DOE4-B,52,DOE4-B_52,20230627_094605_DOE4-B_no52.csv,41.997,41.999,42.001,-0.041,42
./dataset/DOE_4th/切割訊號/DOE4-B/20230627_094746_DOE4-B_no53.pickle,DOE4-B,53,DOE4-B_53,20230627_094746_DOE4-B_no53.csv,41.998,42.0,41.999,-0.041,42
./dataset/DOE_4th/切割訊號/DOE4-B/20230627_094902_DOE4-B_no54.pickle,DOE4-B,54,DOE4-B_54,20230627_094902_DOE4-B_no54.csv,41.997,41.999,41.998,-0.041,42
./dataset/DOE_4th/切割訊號/DOE4-B/20230627_095018_DOE4-B_no55.pickle,DOE4-B,55,DOE4-B_55,20230627_095018_DOE4-B_no55.csv,41.997,41.998,42.001,-0.041,42
./dataset/DOE_4th/切割訊號/DOE4-B/20230627_100243_DOE4-B_no56.pickle,DOE4-B,56,DOE4-B_56,20230627_100243_DOE4-B_no56.csv,41.997,41.998,42.001,-0.041,42
./dataset/DOE_4th/切割訊號/DOE4-B/20230627_100520_DOE4-B_no57.pickle,DOE4-B,57,DOE4-B_57,20230627_100520_DOE4-B_no57.csv,41.997,41.996,42.0,-0.041,42
./dataset/DOE_4th/切割訊號/DOE4-B/20230627_100640_DOE4-B_no58.pickle,DOE4-B,58,DOE4-B_58,20230627_100640_DOE4-B_no58.csv,41.995,41.998,41.998,-0.041,42
./dataset/DOE_4th/切割訊號/DOE4-B/20230627_100943_DOE4-B_no59.pickle,DOE4-B,59,DOE4-B_59,20230627_100943_DOE4-B_no59.csv,41.997,41.997,42.0,-0.041,42
./dataset/DOE_4th/切割訊號/DOE4-B/20230627_101124_DOE4-B_no60.pickle,DOE4-B,60,DOE4-B_60,20230627_101124_DOE4-B_no60.csv,41.997,41.997,41.998,-0.041,42
./dataset/DOE_4th/切割訊號/DOE4-B/20230627_101248_DOE4-B_no61.pickle,DOE4-B,61,DOE4-B_61,20230627_101248_DOE4-B_no61.csv,41.996,41.996,41.999,-0.041,42
./dataset/DOE_4th/切割訊號/DOE4-B/20230627_101443_DOE4-B_no62.pickle,DOE4-B,62,DOE4-B_62,20230627_101443_DOE4-B_no62.csv,41.995,41.995,41.998,-0.041,42
./dataset/DOE_4th/切割訊號/DOE4-B/20230627_101605_DOE4-B_no63.pickle,DOE4-B,63,DOE4-B_63,20230627_101605_DOE4-B_no63.csv,41.996,41.997,41.998,-0.041,42
./dataset/DOE_4th/切割訊號/DOE4-B/20230627_101723_DOE4-B_no64.pickle,DOE4-B,64,DOE4-B_64,20230627_101723_DOE4-B_no64.csv,41.997,41.997,42.0,-0.041,42
./dataset/DOE_4th/切割訊號/DOE4-B/20230627_103329_DOE4-B_no65.pickle,DOE4-B,65,DOE4-B_65,20230627_103329_DOE4-B_no65.csv,41.995,41.995,41.999,-0.041,42
./dataset/DOE_4th/切割訊號/DOE4-B/20230627_103442_DOE4-B_no66.pickle,DOE4-B,66,DOE4-B_66,20230627_103442_DOE4-B_no66.csv,41.995,41.995,41.998,-0.041,42
./dataset/DOE_4th/切割訊號/DOE4-B/20230627_103601_DOE4-B_no67.pickle,DOE4-B,67,DOE4-B_67,20230627_103601_DOE4-B_no67.csv,41.995,41.995,41.998,-0.041,42
./dataset/DOE_4th/切割訊號/DOE4-B/20230627_103715_DOE4-B_no68.pickle,DOE4-B,68,DOE4-B_68,20230627_103715_DOE4-B_no68.csv,41.994,41.996,41.998,-0.041,42
./dataset/DOE_4th/切割訊號/DOE4-B/20230627_103835_DOE4-B_no69.pickle,DOE4-B,69,DOE4-B_69,20230627_103835_DOE4-B_no69.csv,41.996,41.996,41.998,-0.041,42
./dataset/DOE_4th/切割訊號/DOE4-B/20230627_103956_DOE4-B_no70.pickle,DOE4-B,70,DOE4-B_70,20230627_103956_DOE4-B_no70.csv,41.996,41.997,41.998,-0.041,42
./dataset/DOE_4th/切割訊號/DOE4-B/20230627_104110_DOE4-B_no71.pickle,DOE4-B,71,DOE4-B_71,20230627_104110_DOE4-B_no71.csv,41.996,41.997,41.998,-0.041,42
./dataset/DOE_4th/切割訊號/DOE4-B/20230627_104226_DOE4-B_no72.pickle,DOE4-B,72,DOE4-B_72,20230627_104226_DOE4-B_no72.csv,41.996,41.997,41.998,-0.041,42
./dataset/DOE_4th/切割訊號/DOE4-B/20230627_104356_DOE4-B_no73.pickle,DOE4-B,73,DOE4-B_73,20230627_104356_DOE4-B_no73.csv,41.996,41.996,41.999,-0.041,42
./dataset/DOE_4th/切割訊號/DOE4-B/20230627_104511_DOE4-B_no74.pickle,DOE4-B,74,DOE4-B_74,20230627_104511_DOE4-B_no74.csv,41.995,41.997,41.999,-0.041,42
./dataset/DOE_4th/切割訊號/DOE4-B/20230627_104624_DOE4-B_no75.pickle,DOE4-B,75,DOE4-B_75,20230627_104624_DOE4-B_no75.csv,41.995,41.996,41.998,-0.041,42
./dataset/DOE_4th/切割訊號/DOE4-B/20230627_104801_DOE4-B_no76.pickle,DOE4-B,76,DOE4-B_76,20230627_104801_DOE4-B_no76.csv,41.996,41.998,41.998,-0.041,42
./dataset/DOE_4th/切割訊號/DOE4-B/20230627_104912_DOE4-B_no77.pickle,DOE4-B,77,DOE4-B_77,20230627_104912_DOE4-B_no77.csv,41.996,41.997,41.998,-0.041,42
./dataset/DOE_4th/切割訊號/DOE4-B/20230627_105026_DOE4-B_no78.pickle,DOE4-B,78,DOE4-B_78,20230627_105026_DOE4-B_no78.csv,41.997,41.997,41.998,-0.041,42
./dataset/DOE_4th/切割訊號/DOE4-B/20230627_105140_DOE4-B_no79.pickle,DOE4-B,79,DOE4-B_79,20230627_105140_DOE4-B_no79.csv,41.998,41.996,41.998,-0.041,42
./dataset/DOE_4th/切割訊號/DOE4-B/20230627_105253_DOE4-B_no80.pickle,DOE4-B,80,DOE4-B_80,20230627_105253_DOE4-B_no80.csv,41.996,41.995,41.998,-0.041,42
./dataset/DOE_4th/切割訊號/DOE4-B/20230627_105408_DOE4-B_no81.pickle,DOE4-B,81,DOE4-B_81,20230627_105408_DOE4-B_no81.csv,41.997,41.997,41.999,-0.041,42
./dataset/DOE_4th/切割訊號/DOE4-B/20230627_105531_DOE4-B_no82.pickle,DOE4-B,82,DOE4-B_82,20230627_105531_DOE4-B_no82.csv,41.997,41.999,42.001,-0.041,42
./dataset/DOE_4th/切割訊號/DOE4-B/20230627_105645_DOE4-B_no83.pickle,DOE4-B,83,DOE4-B_83,20230627_105645_DOE4-B_no83.csv,41.998,42.0,42.001,-0.041,42
./dataset/DOE_4th/切割訊號/DOE4-B/20230627_105758_DOE4-B_no84.pickle,DOE4-B,84,DOE4-B_84,20230627_105758_DOE4-B_no84.csv,41.997,41.998,42.002,-0.041,42
./dataset/DOE_4th/切割訊號/DOE4-B/20230627_105931_DOE4-B_no85.pickle,DOE4-B,85,DOE4-B_85,20230627_105931_DOE4-B_no85.csv,41.998,41.999,42.001,-0.041,42
./dataset/DOE_4th/切割訊號/DOE4-B/20230627_110106_DOE4-B_no86.pickle,DOE4-B,86,DOE4-B_86,20230627_110106_DOE4-B_no86.csv,41.998,41.999,42.002,-0.041,42
./dataset/DOE_4th/切割訊號/DOE4-B/20230627_110409_DOE4-B_no88.pickle,DOE4-B,88,DOE4-B_88,20230627_110409_DOE4-B_no88.csv,41.997,41.999,42.001,-0.041,42
./dataset/DOE_4th/切割訊號/DOE4-B/20230627_110529_DOE4-B_no89.pickle,DOE4-B,89,DOE4-B_89,20230627_110529_DOE4-B_no89.csv,41.998,41.999,42.002,-0.041,42
./dataset/DOE_4th/切割訊號/DOE4-B/20230627_110650_DOE4-B_no90.pickle,DOE4-B,90,DOE4-B_90,20230627_110650_DOE4-B_no90.csv,41.998,41.998,42.0,-0.041,42
./dataset/DOE_4th/切割訊號/DOE4-B/20230627_110806_DOE4-B_no91.pickle,DOE4-B,91,DOE4-B_91,20230627_110806_DOE4-B_no91.csv,41.998,41.998,42.0,-0.041,42
./dataset/DOE_4th/切割訊號/DOE4-B/20230627_110924_DOE4-B_no92.pickle,DOE4-B,92,DOE4-B_92,20230627_110924_DOE4-B_no92.csv,41.998,41.999,42.001,-0.041,42
./dataset/DOE_4th/切割訊號/DOE4-B/20230627_111104_DOE4-B_no93.pickle,DOE4-B,93,DOE4-B_93,20230627_111104_DOE4-B_no93.csv,41.997,41.998,42.002,-0.041,42
./dataset/DOE_4th/切割訊號/DOE4-B/20230627_111225_DOE4-B_no94.pickle,DOE4-B,94,DOE4-B_94,20230627_111225_DOE4-B_no94.csv,41.996,42.0,42.001,-0.041,42
./dataset/DOE_4th/切割訊號/DOE4-B/20230627_111357_DOE4-B_no95.pickle,DOE4-B,95,DOE4-B_95,20230627_111357_DOE4-B_no95.csv,41.998,41.999,42.0,-0.041,42
./dataset/DOE_4th/切割訊號/DOE4-B/20230627_111512_DOE4-B_no96.pickle,DOE4-B,96,DOE4-B_96,20230627_111512_DOE4-B_no96.csv,41.998,41.998,42.001,-0.041,42
./dataset/DOE_4th/切割訊號/DOE4-B/20230627_111626_DOE4-B_no97.pickle,DOE4-B,97,DOE4-B_97,20230627_111626_DOE4-B_no97.csv,41.997,42.0,42.002,-0.041,42
./dataset/DOE_4th/切割訊號/DOE4-B/20230627_111741_DOE4-B_no98.pickle,DOE4-B,98,DOE4-B_98,20230627_111741_DOE4-B_no98.csv,41.998,41.999,42.0,-0.041,42
./dataset/DOE_4th/切割訊號/DOE4-B/20230627_111906_DOE4-B_no99.pickle,DOE4-B,99,DOE4-B_99,20230627_111906_DOE4-B_no99.csv,41.996,42.001,42.001,-0.041,42
./dataset/DOE_4th/切割訊號/DOE4-B/20230627_112027_DOE4-B_no100.pickle,DOE4-B,100,DOE4-B_100,20230627_112027_DOE4-B_no100.csv,41.999,42.001,42.003,-0.041,42
